Net:0.0532577717898, Trade:0.855507735664, Cost:0.802249963874, Trades/Day:4.984, et:0, leb:4, bs:7, ueb:6,
Net:0.128215876099, Trade:0.914591817646, Cost:0.786375941547, Trades/Day:4.648, et:0, leb:4, bs:8, ueb:6,
Net:0.0692536439649, Trade:0.849896097292, Cost:0.780642453327, Trades/Day:4.52, et:0, leb:4, bs:9, ueb:6,
Net:0.059524248536, Trade:0.836894614514, Cost:0.777370365978, Trades/Day:4.464, et:0, leb:4, bs:10, ueb:6,
Net:0.0480739670661, Trade:0.824214856028, Cost:0.776140888962, Trades/Day:4.44, et:0, leb:4, bs:11, ueb:6,
Net:0.0490944415314, Trade:0.825235314367, Cost:0.776140872836, Trades/Day:4.432, et:0, leb:4, bs:12, ueb:6,
Net:0.040512940115, Trade:0.868134070706, Cost:0.827621130591, Trades/Day:5.496, et:1, leb:4, bs:4, ueb:6,
Net:0.0504589724832, Trade:0.838233081385, Cost:0.787774108901, Trades/Day:4.672, et:1, leb:4, bs:5, ueb:6,
Net:0.0351151347996, Trade:0.814599716605, Cost:0.779484581805, Trades/Day:4.48, et:1, leb:4, bs:6, ueb:6,
Net:0.0485380096409, Trade:0.825588702857, Cost:0.777050693216, Trades/Day:4.448, et:1, leb:4, bs:7, ueb:6,
Net:0.0490944415314, Trade:0.825235314367, Cost:0.776140872836, Trades/Day:4.432, et:1, leb:4, bs:8, ueb:6,
Net:0.0490944415314, Trade:0.825235314367, Cost:0.776140872836, Trades/Day:4.432, et:1, leb:4, bs:9, ueb:6,
Net:0.0490944415314, Trade:0.825235314367, Cost:0.776140872836, Trades/Day:4.432, et:1, leb:4, bs:10, ueb:6,
Net:0.0490944415314, Trade:0.825235314367, Cost:0.776140872836, Trades/Day:4.432, et:1, leb:4, bs:11, ueb:6,
Net:0.0490944415314, Trade:0.825235314367, Cost:0.776140872836, Trades/Day:4.432, et:1, leb:4, bs:12, ueb:6,
Net:0.0760535407149, Trade:0.867378435232, Cost:0.791324894517, Trades/Day:4.728, et:2, leb:4, bs:3, ueb:6,
Net:0.0586168339967, Trade:0.839335915497, Cost:0.780719081501, Trades/Day:4.512, et:2, leb:4, bs:4, ueb:6,
Net:0.0490944415314, Trade:0.825235314367, Cost:0.776140872836, Trades/Day:4.432, et:2, leb:4, bs:5, ueb:6,
Net:0.0490944415314, Trade:0.825235314367, Cost:0.776140872836, Trades/Day:4.432, et:2, leb:4, bs:6, ueb:6,
Net:0.0490944415314, Trade:0.825235314367, Cost:0.776140872836, Trades/Day:4.432, et:2, leb:4, bs:7, ueb:6,
Net:0.0490944415314, Trade:0.825235314367, Cost:0.776140872836, Trades/Day:4.432, et:2, leb:4, bs:8, ueb:6,
Net:0.0490944415314, Trade:0.825235314367, Cost:0.776140872836, Trades/Day:4.432, et:2, leb:4, bs:9, ueb:6,
Net:0.0490944415314, Trade:0.825235314367, Cost:0.776140872836, Trades/Day:4.432, et:2, leb:4, bs:10, ueb:6,
Net:0.0490944415314, Trade:0.825235314367, Cost:0.776140872836, Trades/Day:4.432, et:2, leb:4, bs:11, ueb:6,
Net:0.0490944415314, Trade:0.825235314367, Cost:0.776140872836, Trades/Day:4.432, et:2, leb:4, bs:12, ueb:6,
Net:0.0141728115964, Trade:0.822726753623, Cost:0.808553942026, Trades/Day:4.984, et:3, leb:4, bs:2, ueb:6,
Net:0.0523484138582, Trade:0.828489289319, Cost:0.776140875461, Trades/Day:4.456, et:3, leb:4, bs:3, ueb:6,
Net:0.0509549795383, Trade:0.827095852929, Cost:0.77614087339, Trades/Day:4.44, et:3, leb:4, bs:4, ueb:6,
Net:0.0490944415314, Trade:0.825235314367, Cost:0.776140872836, Trades/Day:4.432, et:3, leb:4, bs:5, ueb:6,
Net:0.0490944415314, Trade:0.825235314367, Cost:0.776140872836, Trades/Day:4.432, et:3, leb:4, bs:6, ueb:6,
Net:0.0490944415314, Trade:0.825235314367, Cost:0.776140872836, Trades/Day:4.432, et:3, leb:4, bs:7, ueb:6,
Net:0.0490944415314, Trade:0.825235314367, Cost:0.776140872836, Trades/Day:4.432, et:3, leb:4, bs:8, ueb:6,
Net:0.0490944415314, Trade:0.825235314367, Cost:0.776140872836, Trades/Day:4.432, et:3, leb:4, bs:9, ueb:6,
Net:0.0490944415314, Trade:0.825235314367, Cost:0.776140872836, Trades/Day:4.432, et:3, leb:4, bs:10, ueb:6,
Net:0.0490944415314, Trade:0.825235314367, Cost:0.776140872836, Trades/Day:4.432, et:3, leb:4, bs:11, ueb:6,
Net:0.0490944415314, Trade:0.825235314367, Cost:0.776140872836, Trades/Day:4.432, et:3, leb:4, bs:12, ueb:6,
Net:0.0244658197643, Trade:0.853523606746, Cost:0.829057786981, Trades/Day:5.416, et:4, leb:4, bs:1, ueb:6,
Net:0.0403061206098, Trade:0.820089536972, Cost:0.779783416362, Trades/Day:4.488, et:4, leb:4, bs:2, ueb:6,
Net:0.0490944415314, Trade:0.825235314367, Cost:0.776140872836, Trades/Day:4.432, et:4, leb:4, bs:3, ueb:6,
Net:0.0490944415314, Trade:0.825235314367, Cost:0.776140872836, Trades/Day:4.432, et:4, leb:4, bs:4, ueb:6,
Net:0.0490944415314, Trade:0.825235314367, Cost:0.776140872836, Trades/Day:4.432, et:4, leb:4, bs:5, ueb:6,
Net:0.0490944415314, Trade:0.825235314367, Cost:0.776140872836, Trades/Day:4.432, et:4, leb:4, bs:6, ueb:6,
Net:0.0490944415314, Trade:0.825235314367, Cost:0.776140872836, Trades/Day:4.432, et:4, leb:4, bs:7, ueb:6,
Net:0.0490944415314, Trade:0.825235314367, Cost:0.776140872836, Trades/Day:4.432, et:4, leb:4, bs:8, ueb:6,
Net:0.0490944415314, Trade:0.825235314367, Cost:0.776140872836, Trades/Day:4.432, et:4, leb:4, bs:9, ueb:6,
Net:0.0490944415314, Trade:0.825235314367, Cost:0.776140872836, Trades/Day:4.432, et:4, leb:4, bs:10, ueb:6,
Net:0.0490944415314, Trade:0.825235314367, Cost:0.776140872836, Trades/Day:4.432, et:4, leb:4, bs:11, ueb:6,
Net:0.0490944415314, Trade:0.825235314367, Cost:0.776140872836, Trades/Day:4.432, et:4, leb:4, bs:12, ueb:6,
Net:0.05574448945, Trade:0.917586426897, Cost:0.861841937447, Trades/Day:5.08, et:0, leb:4, bs:8, ueb:7,
Net:0.0203979892945, Trade:0.904150999666, Cost:0.883753010372, Trades/Day:5.472, et:4, leb:4, bs:1, ueb:7,
Net:0.0573081048131, Trade:0.958909581413, Cost:0.9016014766, Trades/Day:5.288, et:0, leb:4, bs:8, ueb:8,
Net:0.00146775338796, Trade:0.914322992407, Cost:0.912855239019, Trades/Day:5.48, et:4, leb:4, bs:1, ueb:8,
Net:0.0746357802378, Trade:0.991682071713, Cost:0.917046291475, Trades/Day:5.384, et:0, leb:4, bs:8, ueb:9,
Net:0.017742191581, Trade:0.94125420558, Cost:0.923512013999, Trades/Day:5.464, et:4, leb:4, bs:1, ueb:9,
Net:0.00331139009991, Trade:0.331420178599, Cost:0.3281087885, Trades/Day:3.48, et:-1, leb:5, bs:8, ueb:6,
Net:0.00595909559138, Trade:0.312839721129, Cost:0.306880625537, Trades/Day:3.112, et:-1, leb:5, bs:11, ueb:6,
Net:0.0428251741942, Trade:0.34115452068, Cost:0.298329346486, Trades/Day:3.0, et:-1, leb:5, bs:12, ueb:6,
Net:0.0685959646137, Trade:0.375895207231, Cost:0.307299242617, Trades/Day:3.168, et:0, leb:5, bs:4, ueb:6,
Net:0.174438322144, Trade:0.457662502326, Cost:0.283224180183, Trades/Day:2.656, et:0, leb:5, bs:5, ueb:6,
Net:0.159347059295, Trade:0.41297732412, Cost:0.253630264825, Trades/Day:1.928, et:0, leb:5, bs:6, ueb:6,
Net:0.154828906136, Trade:0.398127204793, Cost:0.243298298657, Trades/Day:1.616, et:0, leb:5, bs:7, ueb:6,
Net:0.203038457306, Trade:0.439168914718, Cost:0.236130457412, Trades/Day:1.432, et:0, leb:5, bs:8, ueb:6,
Net:0.186623476411, Trade:0.422753860185, Cost:0.236130383774, Trades/Day:1.416, et:0, leb:5, bs:9, ueb:6,
Net:0.180532035756, Trade:0.413425282479, Cost:0.232893246723, Trades/Day:1.376, et:0, leb:5, bs:10, ueb:6,
Net:0.143011199807, Trade:0.375060291974, Cost:0.232049092166, Trades/Day:1.352, et:0, leb:5, bs:11, ueb:6,
Net:0.149515680788, Trade:0.381564749668, Cost:0.23204906888, Trades/Day:1.344, et:0, leb:5, bs:12, ueb:6,
Net:0.00702372948922, Trade:0.357094506933, Cost:0.350070777444, Trades/Day:3.8, et:1, leb:5, bs:2, ueb:6,
Net:0.111449264823, Trade:0.41548964979, Cost:0.304040384967, Trades/Day:2.928, et:1, leb:5, bs:3, ueb:6,
Net:0.117959630114, Trade:0.383023746619, Cost:0.265064116505, Trades/Day:2.0, et:1, leb:5, bs:4, ueb:6,
Net:0.168946869082, Trade:0.414473608391, Cost:0.245526739309, Trades/Day:1.56, et:1, leb:5, bs:5, ueb:6,
Net:0.138921944341, Trade:0.374122746325, Cost:0.235200801984, Trades/Day:1.416, et:1, leb:5, bs:6, ueb:6,
Net:0.13126983076, Trade:0.364249311032, Cost:0.232979480271, Trades/Day:1.368, et:1, leb:5, bs:7, ueb:6,
Net:0.149515680788, Trade:0.381564749668, Cost:0.23204906888, Trades/Day:1.344, et:1, leb:5, bs:8, ueb:6,
Net:0.149515680788, Trade:0.381564749668, Cost:0.23204906888, Trades/Day:1.344, et:1, leb:5, bs:9, ueb:6,
Net:0.149515680788, Trade:0.381564749668, Cost:0.23204906888, Trades/Day:1.344, et:1, leb:5, bs:10, ueb:6,
Net:0.149515680788, Trade:0.381564749668, Cost:0.23204906888, Trades/Day:1.344, et:1, leb:5, bs:11, ueb:6,
Net:0.149515680788, Trade:0.381564749668, Cost:0.23204906888, Trades/Day:1.344, et:1, leb:5, bs:12, ueb:6,
Net:0.0973857276037, Trade:0.398394235493, Cost:0.30100850789, Trades/Day:2.84, et:2, leb:5, bs:2, ueb:6,
Net:0.186275954691, Trade:0.430793997807, Cost:0.244518043116, Trades/Day:1.656, et:2, leb:5, bs:3, ueb:6,
Net:0.157639421425, Trade:0.393187576857, Cost:0.235548155432, Trades/Day:1.408, et:2, leb:5, bs:4, ueb:6,
Net:0.152155318744, Trade:0.385048459609, Cost:0.232893140865, Trades/Day:1.36, et:2, leb:5, bs:5, ueb:6,
Net:0.149515680788, Trade:0.381564749668, Cost:0.23204906888, Trades/Day:1.344, et:2, leb:5, bs:6, ueb:6,
Net:0.149515680788, Trade:0.381564749668, Cost:0.23204906888, Trades/Day:1.344, et:2, leb:5, bs:7, ueb:6,
Net:0.149515680788, Trade:0.381564749668, Cost:0.23204906888, Trades/Day:1.344, et:2, leb:5, bs:8, ueb:6,
Net:0.149515680788, Trade:0.381564749668, Cost:0.23204906888, Trades/Day:1.344, et:2, leb:5, bs:9, ueb:6,
Net:0.149515680788, Trade:0.381564749668, Cost:0.23204906888, Trades/Day:1.344, et:2, leb:5, bs:10, ueb:6,
Net:0.149515680788, Trade:0.381564749668, Cost:0.23204906888, Trades/Day:1.344, et:2, leb:5, bs:11, ueb:6,
Net:0.149515680788, Trade:0.381564749668, Cost:0.23204906888, Trades/Day:1.344, et:2, leb:5, bs:12, ueb:6,
Net:0.189007077107, Trade:0.446143988637, Cost:0.257136911529, Trades/Day:1.896, et:3, leb:5, bs:2, ueb:6,
Net:0.160895515485, Trade:0.393788681209, Cost:0.232893165725, Trades/Day:1.376, et:3, leb:5, bs:3, ueb:6,
Net:0.149515680788, Trade:0.381564749668, Cost:0.23204906888, Trades/Day:1.344, et:3, leb:5, bs:4, ueb:6,
Net:0.149515680788, Trade:0.381564749668, Cost:0.23204906888, Trades/Day:1.344, et:3, leb:5, bs:5, ueb:6,
Net:0.149515680788, Trade:0.381564749668, Cost:0.23204906888, Trades/Day:1.344, et:3, leb:5, bs:6, ueb:6,
Net:0.149515680788, Trade:0.381564749668, Cost:0.23204906888, Trades/Day:1.344, et:3, leb:5, bs:7, ueb:6,
Net:0.149515680788, Trade:0.381564749668, Cost:0.23204906888, Trades/Day:1.344, et:3, leb:5, bs:8, ueb:6,
Net:0.149515680788, Trade:0.381564749668, Cost:0.23204906888, Trades/Day:1.344, et:3, leb:5, bs:9, ueb:6,
Net:0.149515680788, Trade:0.381564749668, Cost:0.23204906888, Trades/Day:1.344, et:3, leb:5, bs:10, ueb:6,
Net:0.149515680788, Trade:0.381564749668, Cost:0.23204906888, Trades/Day:1.344, et:3, leb:5, bs:11, ueb:6,
Net:0.149515680788, Trade:0.381564749668, Cost:0.23204906888, Trades/Day:1.344, et:3, leb:5, bs:12, ueb:6,
Net:0.121785241884, Trade:0.420640171416, Cost:0.298854929532, Trades/Day:2.888, et:4, leb:5, bs:1, ueb:6,
Net:0.20594727201, Trade:0.446014835299, Cost:0.240067563289, Trades/Day:1.496, et:4, leb:5, bs:2, ueb:6,
Net:0.149515680788, Trade:0.381564749668, Cost:0.23204906888, Trades/Day:1.344, et:4, leb:5, bs:3, ueb:6,
Net:0.149515680788, Trade:0.381564749668, Cost:0.23204906888, Trades/Day:1.344, et:4, leb:5, bs:4, ueb:6,
Net:0.149515680788, Trade:0.381564749668, Cost:0.23204906888, Trades/Day:1.344, et:4, leb:5, bs:5, ueb:6,
Net:0.149515680788, Trade:0.381564749668, Cost:0.23204906888, Trades/Day:1.344, et:4, leb:5, bs:6, ueb:6,
Net:0.149515680788, Trade:0.381564749668, Cost:0.23204906888, Trades/Day:1.344, et:4, leb:5, bs:7, ueb:6,
Net:0.149515680788, Trade:0.381564749668, Cost:0.23204906888, Trades/Day:1.344, et:4, leb:5, bs:8, ueb:6,
Net:0.149515680788, Trade:0.381564749668, Cost:0.23204906888, Trades/Day:1.344, et:4, leb:5, bs:9, ueb:6,
Net:0.149515680788, Trade:0.381564749668, Cost:0.23204906888, Trades/Day:1.344, et:4, leb:5, bs:10, ueb:6,
Net:0.149515680788, Trade:0.381564749668, Cost:0.23204906888, Trades/Day:1.344, et:4, leb:5, bs:11, ueb:6,
Net:0.149515680788, Trade:0.381564749668, Cost:0.23204906888, Trades/Day:1.344, et:4, leb:5, bs:12, ueb:6,
Net:0.0535785587854, Trade:0.315235456672, Cost:0.261656897887, Trades/Day:1.936, et:5, leb:5, bs:1, ueb:6,
Net:0.136882996663, Trade:0.372568416426, Cost:0.235685419764, Trades/Day:1.392, et:5, leb:5, bs:2, ueb:6,
Net:0.149515680788, Trade:0.381564749668, Cost:0.23204906888, Trades/Day:1.344, et:5, leb:5, bs:3, ueb:6,
Net:0.149515680788, Trade:0.381564749668, Cost:0.23204906888, Trades/Day:1.344, et:5, leb:5, bs:4, ueb:6,
Net:0.149515680788, Trade:0.381564749668, Cost:0.23204906888, Trades/Day:1.344, et:5, leb:5, bs:5, ueb:6,
Net:0.149515680788, Trade:0.381564749668, Cost:0.23204906888, Trades/Day:1.344, et:5, leb:5, bs:6, ueb:6,
Net:0.149515680788, Trade:0.381564749668, Cost:0.23204906888, Trades/Day:1.344, et:5, leb:5, bs:7, ueb:6,
Net:0.149515680788, Trade:0.381564749668, Cost:0.23204906888, Trades/Day:1.344, et:5, leb:5, bs:8, ueb:6,
Net:0.149515680788, Trade:0.381564749668, Cost:0.23204906888, Trades/Day:1.344, et:5, leb:5, bs:9, ueb:6,
Net:0.149515680788, Trade:0.381564749668, Cost:0.23204906888, Trades/Day:1.344, et:5, leb:5, bs:10, ueb:6,
Net:0.149515680788, Trade:0.381564749668, Cost:0.23204906888, Trades/Day:1.344, et:5, leb:5, bs:11, ueb:6,
Net:0.149515680788, Trade:0.381564749668, Cost:0.23204906888, Trades/Day:1.344, et:5, leb:5, bs:12, ueb:6,
Net:0.00866422466303, Trade:0.425206953722, Cost:0.416542729059, Trades/Day:4.128, et:-1, leb:5, bs:10, ueb:7,
Net:0.0129003811071, Trade:0.421664960474, Cost:0.408764579367, Trades/Day:3.976, et:-1, leb:5, bs:11, ueb:7,
Net:0.0551016317922, Trade:0.453308374789, Cost:0.398206742997, Trades/Day:3.848, et:-1, leb:5, bs:12, ueb:7,
Net:0.100767384847, Trade:0.51465066414, Cost:0.413883279293, Trades/Day:4.128, et:0, leb:5, bs:4, ueb:7,
Net:0.20247384792, Trade:0.580963926175, Cost:0.378490078255, Trades/Day:3.416, et:0, leb:5, bs:5, ueb:7,
Net:0.142782561109, Trade:0.490725470844, Cost:0.347942909735, Trades/Day:2.6, et:0, leb:5, bs:6, ueb:7,
Net:0.0905079139613, Trade:0.426513119787, Cost:0.336005205826, Trades/Day:2.208, et:0, leb:5, bs:7, ueb:7,
Net:0.137672682965, Trade:0.466444813013, Cost:0.328772130048, Trades/Day:2.0, et:0, leb:5, bs:8, ueb:7,
Net:0.110071958073, Trade:0.438844008903, Cost:0.32877205083, Trades/Day:1.976, et:0, leb:5, bs:9, ueb:7,
Net:0.0919165696507, Trade:0.417456564719, Cost:0.325539995068, Trades/Day:1.928, et:0, leb:5, bs:10, ueb:7,
Net:0.0551541607587, Trade:0.379850010305, Cost:0.324695849547, Trades/Day:1.904, et:0, leb:5, bs:11, ueb:7,
Net:0.0616586417391, Trade:0.386354468, Cost:0.324695826261, Trades/Day:1.896, et:0, leb:5, bs:12, ueb:7,
Net:0.00905605143564, Trade:0.484957662414, Cost:0.475901610978, Trades/Day:5.064, et:1, leb:5, bs:2, ueb:7,
Net:0.0534862345143, Trade:0.46706315508, Cost:0.413576920566, Trades/Day:3.88, et:1, leb:5, bs:3, ueb:7,
Net:0.12728671185, Trade:0.485514017306, Cost:0.358227305456, Trades/Day:2.624, et:1, leb:5, bs:4, ueb:7,
Net:0.155068152766, Trade:0.491851529023, Cost:0.336783376257, Trades/Day:2.112, et:1, leb:5, bs:5, ueb:7,
Net:0.0812095238424, Trade:0.410663302726, Cost:0.329453778884, Trades/Day:1.984, et:1, leb:5, bs:6, ueb:7,
Net:0.0563868139391, Trade:0.382000229692, Cost:0.325613415753, Trades/Day:1.92, et:1, leb:5, bs:7, ueb:7,
Net:0.0616586417391, Trade:0.386354468, Cost:0.324695826261, Trades/Day:1.896, et:1, leb:5, bs:8, ueb:7,
Net:0.0616586417391, Trade:0.386354468, Cost:0.324695826261, Trades/Day:1.896, et:1, leb:5, bs:9, ueb:7,
Net:0.0616586417391, Trade:0.386354468, Cost:0.324695826261, Trades/Day:1.896, et:1, leb:5, bs:10, ueb:7,
Net:0.0616586417391, Trade:0.386354468, Cost:0.324695826261, Trades/Day:1.896, et:1, leb:5, bs:11, ueb:7,
Net:0.0616586417391, Trade:0.386354468, Cost:0.324695826261, Trades/Day:1.896, et:1, leb:5, bs:12, ueb:7,
Net:0.0647727268153, Trade:0.468887432829, Cost:0.404114706014, Trades/Day:3.68, et:2, leb:5, bs:2, ueb:7,
Net:0.127904171063, Trade:0.458302757487, Cost:0.330398586424, Trades/Day:2.16, et:2, leb:5, bs:3, ueb:7,
Net:0.0864697419416, Trade:0.413317586039, Cost:0.326847844097, Trades/Day:1.944, et:2, leb:5, bs:4, ueb:7,
Net:0.0644987313154, Trade:0.390038624632, Cost:0.325539893317, Trades/Day:1.912, et:2, leb:5, bs:5, ueb:7,
Net:0.0616586417391, Trade:0.386354468, Cost:0.324695826261, Trades/Day:1.896, et:2, leb:5, bs:6, ueb:7,
Net:0.0616586417391, Trade:0.386354468, Cost:0.324695826261, Trades/Day:1.896, et:2, leb:5, bs:7, ueb:7,
Net:0.0616586417391, Trade:0.386354468, Cost:0.324695826261, Trades/Day:1.896, et:2, leb:5, bs:8, ueb:7,
Net:0.0616586417391, Trade:0.386354468, Cost:0.324695826261, Trades/Day:1.896, et:2, leb:5, bs:9, ueb:7,
Net:0.0616586417391, Trade:0.386354468, Cost:0.324695826261, Trades/Day:1.896, et:2, leb:5, bs:10, ueb:7,
Net:0.0616586417391, Trade:0.386354468, Cost:0.324695826261, Trades/Day:1.896, et:2, leb:5, bs:11, ueb:7,
Net:0.0616586417391, Trade:0.386354468, Cost:0.324695826261, Trades/Day:1.896, et:2, leb:5, bs:12, ueb:7,
Net:0.125214486939, Trade:0.476422128552, Cost:0.351207641613, Trades/Day:2.528, et:3, leb:5, bs:2, ueb:7,
Net:0.0739634527146, Trade:0.399503443559, Cost:0.325539990844, Trades/Day:1.944, et:3, leb:5, bs:3, ueb:7,
Net:0.0616586417391, Trade:0.386354468, Cost:0.324695826261, Trades/Day:1.896, et:3, leb:5, bs:4, ueb:7,
Net:0.0616586417391, Trade:0.386354468, Cost:0.324695826261, Trades/Day:1.896, et:3, leb:5, bs:5, ueb:7,
Net:0.0616586417391, Trade:0.386354468, Cost:0.324695826261, Trades/Day:1.896, et:3, leb:5, bs:6, ueb:7,
Net:0.0616586417391, Trade:0.386354468, Cost:0.324695826261, Trades/Day:1.896, et:3, leb:5, bs:7, ueb:7,
Net:0.0616586417391, Trade:0.386354468, Cost:0.324695826261, Trades/Day:1.896, et:3, leb:5, bs:8, ueb:7,
Net:0.0616586417391, Trade:0.386354468, Cost:0.324695826261, Trades/Day:1.896, et:3, leb:5, bs:9, ueb:7,
Net:0.0616586417391, Trade:0.386354468, Cost:0.324695826261, Trades/Day:1.896, et:3, leb:5, bs:10, ueb:7,
Net:0.0616586417391, Trade:0.386354468, Cost:0.324695826261, Trades/Day:1.896, et:3, leb:5, bs:11, ueb:7,
Net:0.0616586417391, Trade:0.386354468, Cost:0.324695826261, Trades/Day:1.896, et:3, leb:5, bs:12, ueb:7,
Net:0.132578822297, Trade:0.538532785808, Cost:0.405953963511, Trades/Day:3.72, et:4, leb:5, bs:1, ueb:7,
Net:0.127088635626, Trade:0.456837834411, Cost:0.329749198784, Trades/Day:1.992, et:4, leb:5, bs:2, ueb:7,
Net:0.0616586417391, Trade:0.386354468, Cost:0.324695826261, Trades/Day:1.896, et:4, leb:5, bs:3, ueb:7,
Net:0.0616586417391, Trade:0.386354468, Cost:0.324695826261, Trades/Day:1.896, et:4, leb:5, bs:4, ueb:7,
Net:0.0616586417391, Trade:0.386354468, Cost:0.324695826261, Trades/Day:1.896, et:4, leb:5, bs:5, ueb:7,
Net:0.0616586417391, Trade:0.386354468, Cost:0.324695826261, Trades/Day:1.896, et:4, leb:5, bs:6, ueb:7,
Net:0.0616586417391, Trade:0.386354468, Cost:0.324695826261, Trades/Day:1.896, et:4, leb:5, bs:7, ueb:7,
Net:0.0616586417391, Trade:0.386354468, Cost:0.324695826261, Trades/Day:1.896, et:4, leb:5, bs:8, ueb:7,
Net:0.0616586417391, Trade:0.386354468, Cost:0.324695826261, Trades/Day:1.896, et:4, leb:5, bs:9, ueb:7,
Net:0.0616586417391, Trade:0.386354468, Cost:0.324695826261, Trades/Day:1.896, et:4, leb:5, bs:10, ueb:7,
Net:0.0616586417391, Trade:0.386354468, Cost:0.324695826261, Trades/Day:1.896, et:4, leb:5, bs:11, ueb:7,
Net:0.0616586417391, Trade:0.386354468, Cost:0.324695826261, Trades/Day:1.896, et:4, leb:5, bs:12, ueb:7,
Net:0.0726881841889, Trade:0.42160572244, Cost:0.348917538252, Trades/Day:2.344, et:5, leb:5, bs:1, ueb:7,
Net:0.060524170076, Trade:0.387177423967, Cost:0.326653253891, Trades/Day:1.912, et:5, leb:5, bs:2, ueb:7,
Net:0.0616586417391, Trade:0.386354468, Cost:0.324695826261, Trades/Day:1.896, et:5, leb:5, bs:3, ueb:7,
Net:0.0616586417391, Trade:0.386354468, Cost:0.324695826261, Trades/Day:1.896, et:5, leb:5, bs:4, ueb:7,
Net:0.0616586417391, Trade:0.386354468, Cost:0.324695826261, Trades/Day:1.896, et:5, leb:5, bs:5, ueb:7,
Net:0.0616586417391, Trade:0.386354468, Cost:0.324695826261, Trades/Day:1.896, et:5, leb:5, bs:6, ueb:7,
Net:0.0616586417391, Trade:0.386354468, Cost:0.324695826261, Trades/Day:1.896, et:5, leb:5, bs:7, ueb:7,
Net:0.0616586417391, Trade:0.386354468, Cost:0.324695826261, Trades/Day:1.896, et:5, leb:5, bs:8, ueb:7,
Net:0.0616586417391, Trade:0.386354468, Cost:0.324695826261, Trades/Day:1.896, et:5, leb:5, bs:9, ueb:7,
Net:0.0616586417391, Trade:0.386354468, Cost:0.324695826261, Trades/Day:1.896, et:5, leb:5, bs:10, ueb:7,
Net:0.0616586417391, Trade:0.386354468, Cost:0.324695826261, Trades/Day:1.896, et:5, leb:5, bs:11, ueb:7,
Net:0.0616586417391, Trade:0.386354468, Cost:0.324695826261, Trades/Day:1.896, et:5, leb:5, bs:12, ueb:7,
Net:0.0155315861181, Trade:0.527994196152, Cost:0.512462610034, Trades/Day:5.152, et:-1, leb:5, bs:7, ueb:8,
Net:0.0531712830989, Trade:0.552875652596, Cost:0.499704369497, Trades/Day:4.944, et:-1, leb:5, bs:8, ueb:8,
Net:0.0212663677129, Trade:0.511256893434, Cost:0.489990525721, Trades/Day:4.744, et:-1, leb:5, bs:9, ueb:8,
Net:0.0965035241609, Trade:0.572110230462, Cost:0.475606706301, Trades/Day:4.576, et:-1, leb:5, bs:10, ueb:8,
Net:0.0803898375887, Trade:0.547023454836, Cost:0.466633617248, Trades/Day:4.408, et:-1, leb:5, bs:11, ueb:8,
Net:0.0988417974948, Trade:0.555361191908, Cost:0.456519394413, Trades/Day:4.272, et:-1, leb:5, bs:12, ueb:8,
Net:0.0117461044468, Trade:0.542463087496, Cost:0.53071698305, Trades/Day:5.496, et:0, leb:5, bs:3, ueb:8,
Net:0.169774863814, Trade:0.642902841796, Cost:0.473127977982, Trades/Day:4.592, et:0, leb:5, bs:4, ueb:8,
Net:0.241773283125, Trade:0.673834283411, Cost:0.432061000286, Trades/Day:3.776, et:0, leb:5, bs:5, ueb:8,
Net:0.136707031486, Trade:0.53861092341, Cost:0.401903891925, Trades/Day:2.92, et:0, leb:5, bs:6, ueb:8,
Net:0.0842794637341, Trade:0.472040037591, Cost:0.387760573857, Trades/Day:2.472, et:0, leb:5, bs:7, ueb:8,
Net:0.127142681939, Trade:0.507657523791, Cost:0.380514841852, Trades/Day:2.272, et:0, leb:5, bs:8, ueb:8,
Net:0.0690203590742, Trade:0.447853900605, Cost:0.37883354153, Trades/Day:2.232, et:0, leb:5, bs:9, ueb:8,
Net:0.0510157594347, Trade:0.426617244535, Cost:0.3756014851, Trades/Day:2.184, et:0, leb:5, bs:10, ueb:8,
Net:0.0142533505427, Trade:0.389010690122, Cost:0.374757339579, Trades/Day:2.16, et:0, leb:5, bs:11, ueb:8,
Net:0.0207131992886, Trade:0.395470515741, Cost:0.374757316453, Trades/Day:2.152, et:0, leb:5, bs:12, ueb:8,
Net:0.0105030558424, Trade:0.54650563269, Cost:0.536002576848, Trades/Day:5.6, et:1, leb:5, bs:2, ueb:8,
Net:0.0441480971174, Trade:0.511102634647, Cost:0.466954537529, Trades/Day:4.28, et:1, leb:5, bs:3, ueb:8,
Net:0.100117616124, Trade:0.509395149605, Cost:0.409277533481, Trades/Day:2.904, et:1, leb:5, bs:4, ueb:8,
Net:0.102010576958, Trade:0.489682935169, Cost:0.38767235821, Trades/Day:2.384, et:1, leb:5, bs:5, ueb:8,
Net:0.0402955453946, Trade:0.419810814561, Cost:0.379515269166, Trades/Day:2.24, et:1, leb:5, bs:6, ueb:8,
Net:0.0154413714886, Trade:0.391116277434, Cost:0.375674905945, Trades/Day:2.176, et:1, leb:5, bs:7, ueb:8,
Net:0.0207131992886, Trade:0.395470515741, Cost:0.374757316453, Trades/Day:2.152, et:1, leb:5, bs:8, ueb:8,
Net:0.0207131992886, Trade:0.395470515741, Cost:0.374757316453, Trades/Day:2.152, et:1, leb:5, bs:9, ueb:8,
Net:0.0207131992886, Trade:0.395470515741, Cost:0.374757316453, Trades/Day:2.152, et:1, leb:5, bs:10, ueb:8,
Net:0.0207131992886, Trade:0.395470515741, Cost:0.374757316453, Trades/Day:2.152, et:1, leb:5, bs:11, ueb:8,
Net:0.0207131992886, Trade:0.395470515741, Cost:0.374757316453, Trades/Day:2.152, et:1, leb:5, bs:12, ueb:8,
Net:0.0910736082485, Trade:0.548820413183, Cost:0.457746804935, Trades/Day:4.016, et:2, leb:5, bs:2, ueb:8,
Net:0.0924991641297, Trade:0.475475698916, Cost:0.382976534786, Trades/Day:2.432, et:2, leb:5, bs:3, ueb:8,
Net:0.0371604647241, Trade:0.416586212667, Cost:0.379425747943, Trades/Day:2.216, et:2, leb:5, bs:4, ueb:8,
Net:0.0235532888649, Trade:0.399154672374, Cost:0.375601383509, Trades/Day:2.168, et:2, leb:5, bs:5, ueb:8,
Net:0.0207131992886, Trade:0.395470515741, Cost:0.374757316453, Trades/Day:2.152, et:2, leb:5, bs:6, ueb:8,
Net:0.0207131992886, Trade:0.395470515741, Cost:0.374757316453, Trades/Day:2.152, et:2, leb:5, bs:7, ueb:8,
Net:0.0207131992886, Trade:0.395470515741, Cost:0.374757316453, Trades/Day:2.152, et:2, leb:5, bs:8, ueb:8,
Net:0.0207131992886, Trade:0.395470515741, Cost:0.374757316453, Trades/Day:2.152, et:2, leb:5, bs:9, ueb:8,
Net:0.0207131992886, Trade:0.395470515741, Cost:0.374757316453, Trades/Day:2.152, et:2, leb:5, bs:10, ueb:8,
Net:0.0207131992886, Trade:0.395470515741, Cost:0.374757316453, Trades/Day:2.152, et:2, leb:5, bs:11, ueb:8,
Net:0.0207131992886, Trade:0.395470515741, Cost:0.374757316453, Trades/Day:2.152, et:2, leb:5, bs:12, ueb:8,
Net:0.0778709293377, Trade:0.47389036153, Cost:0.396019432193, Trades/Day:2.712, et:3, leb:5, bs:2, ueb:8,
Net:0.0330180102641, Trade:0.408619491301, Cost:0.375601481037, Trades/Day:2.2, et:3, leb:5, bs:3, ueb:8,
Net:0.0207131992886, Trade:0.395470515741, Cost:0.374757316453, Trades/Day:2.152, et:3, leb:5, bs:4, ueb:8,
Net:0.0207131992886, Trade:0.395470515741, Cost:0.374757316453, Trades/Day:2.152, et:3, leb:5, bs:5, ueb:8,
Net:0.0207131992886, Trade:0.395470515741, Cost:0.374757316453, Trades/Day:2.152, et:3, leb:5, bs:6, ueb:8,
Net:0.0207131992886, Trade:0.395470515741, Cost:0.374757316453, Trades/Day:2.152, et:3, leb:5, bs:7, ueb:8,
Net:0.0207131992886, Trade:0.395470515741, Cost:0.374757316453, Trades/Day:2.152, et:3, leb:5, bs:8, ueb:8,
Net:0.0207131992886, Trade:0.395470515741, Cost:0.374757316453, Trades/Day:2.152, et:3, leb:5, bs:9, ueb:8,
Net:0.0207131992886, Trade:0.395470515741, Cost:0.374757316453, Trades/Day:2.152, et:3, leb:5, bs:10, ueb:8,
Net:0.0207131992886, Trade:0.395470515741, Cost:0.374757316453, Trades/Day:2.152, et:3, leb:5, bs:11, ueb:8,
Net:0.0207131992886, Trade:0.395470515741, Cost:0.374757316453, Trades/Day:2.152, et:3, leb:5, bs:12, ueb:8,
Net:0.115244693909, Trade:0.568926436833, Cost:0.453681742924, Trades/Day:4.016, et:4, leb:5, bs:1, ueb:8,
Net:0.0915548852582, Trade:0.468074283336, Cost:0.376519398077, Trades/Day:2.2, et:4, leb:5, bs:2, ueb:8,
Net:0.0207131992886, Trade:0.395470515741, Cost:0.374757316453, Trades/Day:2.152, et:4, leb:5, bs:3, ueb:8,
Net:0.0207131992886, Trade:0.395470515741, Cost:0.374757316453, Trades/Day:2.152, et:4, leb:5, bs:4, ueb:8,
Net:0.0207131992886, Trade:0.395470515741, Cost:0.374757316453, Trades/Day:2.152, et:4, leb:5, bs:5, ueb:8,
Net:0.0207131992886, Trade:0.395470515741, Cost:0.374757316453, Trades/Day:2.152, et:4, leb:5, bs:6, ueb:8,
Net:0.0207131992886, Trade:0.395470515741, Cost:0.374757316453, Trades/Day:2.152, et:4, leb:5, bs:7, ueb:8,
Net:0.0207131992886, Trade:0.395470515741, Cost:0.374757316453, Trades/Day:2.152, et:4, leb:5, bs:8, ueb:8,
Net:0.0207131992886, Trade:0.395470515741, Cost:0.374757316453, Trades/Day:2.152, et:4, leb:5, bs:9, ueb:8,
Net:0.0207131992886, Trade:0.395470515741, Cost:0.374757316453, Trades/Day:2.152, et:4, leb:5, bs:10, ueb:8,
Net:0.0207131992886, Trade:0.395470515741, Cost:0.374757316453, Trades/Day:2.152, et:4, leb:5, bs:11, ueb:8,
Net:0.0207131992886, Trade:0.395470515741, Cost:0.374757316453, Trades/Day:2.152, et:4, leb:5, bs:12, ueb:8,
Net:0.0523650104307, Trade:0.440294958323, Cost:0.387929947892, Trades/Day:2.44, et:5, leb:5, bs:1, ueb:8,
Net:0.0207131992886, Trade:0.395470515741, Cost:0.374757316453, Trades/Day:2.152, et:5, leb:5, bs:2, ueb:8,
Net:0.0207131992886, Trade:0.395470515741, Cost:0.374757316453, Trades/Day:2.152, et:5, leb:5, bs:3, ueb:8,
Net:0.0207131992886, Trade:0.395470515741, Cost:0.374757316453, Trades/Day:2.152, et:5, leb:5, bs:4, ueb:8,
Net:0.0207131992886, Trade:0.395470515741, Cost:0.374757316453, Trades/Day:2.152, et:5, leb:5, bs:5, ueb:8,
Net:0.0207131992886, Trade:0.395470515741, Cost:0.374757316453, Trades/Day:2.152, et:5, leb:5, bs:6, ueb:8,
Net:0.0207131992886, Trade:0.395470515741, Cost:0.374757316453, Trades/Day:2.152, et:5, leb:5, bs:7, ueb:8,
Net:0.0207131992886, Trade:0.395470515741, Cost:0.374757316453, Trades/Day:2.152, et:5, leb:5, bs:8, ueb:8,
Net:0.0207131992886, Trade:0.395470515741, Cost:0.374757316453, Trades/Day:2.152, et:5, leb:5, bs:9, ueb:8,
Net:0.0207131992886, Trade:0.395470515741, Cost:0.374757316453, Trades/Day:2.152, et:5, leb:5, bs:10, ueb:8,
Net:0.0207131992886, Trade:0.395470515741, Cost:0.374757316453, Trades/Day:2.152, et:5, leb:5, bs:11, ueb:8,
Net:0.0207131992886, Trade:0.395470515741, Cost:0.374757316453, Trades/Day:2.152, et:5, leb:5, bs:12, ueb:8,
Net:0.0224813339978, Trade:0.561983430539, Cost:0.539502096541, Trades/Day:5.376, et:-1, leb:5, bs:7, ueb:9,
Net:0.0740773696402, Trade:0.597567903418, Cost:0.523490533777, Trades/Day:5.136, et:-1, leb:5, bs:8, ueb:9,
Net:0.0567638719015, Trade:0.570540561178, Cost:0.513776689277, Trades/Day:4.944, et:-1, leb:5, bs:9, ueb:9,
Net:0.114988641101, Trade:0.612596548323, Cost:0.497607907222, Trades/Day:4.752, et:-1, leb:5, bs:10, ueb:9,
Net:0.0974856187648, Trade:0.586053693044, Cost:0.488568074279, Trades/Day:4.584, et:-1, leb:5, bs:11, ueb:9,
Net:0.114981814231, Trade:0.593435664574, Cost:0.478453850343, Trades/Day:4.448, et:-1, leb:5, bs:12, ueb:9,
Net:0.01496689293, Trade:0.571707846308, Cost:0.556740953378, Trades/Day:5.72, et:0, leb:5, bs:3, ueb:9,
Net:0.182123351541, Trade:0.679037420595, Cost:0.496914069054, Trades/Day:4.776, et:0, leb:5, bs:4, ueb:9,
Net:0.233038900456, Trade:0.685865780784, Cost:0.452826880328, Trades/Day:3.92, et:0, leb:5, bs:5, ueb:9,
Net:0.117548865381, Trade:0.538884560631, Cost:0.421335695251, Trades/Day:3.048, et:0, leb:5, bs:6, ueb:9,
Net:0.0692617480664, Trade:0.476122648363, Cost:0.406860900296, Trades/Day:2.584, et:0, leb:5, bs:7, ueb:9,
Net:0.11856949795, Trade:0.517346351472, Cost:0.398776853522, Trades/Day:2.384, et:0, leb:5, bs:8, ueb:9,
Net:0.0650531106561, Trade:0.462148666268, Cost:0.397095555612, Trades/Day:2.344, et:0, leb:5, bs:9, ueb:9,
Net:0.0394919859951, Trade:0.434594845816, Cost:0.395102859821, Trades/Day:2.304, et:0, leb:5, bs:10, ueb:9,
Net:0.0038576385657, Trade:0.397116229311, Cost:0.393258590745, Trades/Day:2.272, et:0, leb:5, bs:11, ueb:9,
Net:0.0103174873116, Trade:0.403576054931, Cost:0.393258567619, Trades/Day:2.264, et:0, leb:5, bs:12, ueb:9,
Net:0.0203019040892, Trade:0.583124789976, Cost:0.562822885886, Trades/Day:5.84, et:1, leb:5, bs:2, ueb:9,
Net:0.0237380618363, Trade:0.514879275753, Cost:0.491141213916, Trades/Day:4.472, et:1, leb:5, bs:3, ueb:9,
Net:0.0747920046279, Trade:0.505206589563, Cost:0.430414584935, Trades/Day:3.032, et:1, leb:5, bs:4, ueb:9,
Net:0.0994201804868, Trade:0.506593961172, Cost:0.407173780685, Trades/Day:2.512, et:1, leb:5, bs:5, ueb:9,
Net:0.0287625921799, Trade:0.427779236013, Cost:0.399016643833, Trades/Day:2.36, et:1, leb:5, bs:6, ueb:9,
Net:0.00391759804895, Trade:0.399093878714, Cost:0.395176280665, Trades/Day:2.296, et:1, leb:5, bs:7, ueb:9,
Net:0.0103174873116, Trade:0.403576054931, Cost:0.393258567619, Trades/Day:2.264, et:1, leb:5, bs:8, ueb:9,
Net:0.0103174873116, Trade:0.403576054931, Cost:0.393258567619, Trades/Day:2.264, et:1, leb:5, bs:9, ueb:9,
Net:0.0103174873116, Trade:0.403576054931, Cost:0.393258567619, Trades/Day:2.264, et:1, leb:5, bs:10, ueb:9,
Net:0.0103174873116, Trade:0.403576054931, Cost:0.393258567619, Trades/Day:2.264, et:1, leb:5, bs:11, ueb:9,
Net:0.0103174873116, Trade:0.403576054931, Cost:0.393258567619, Trades/Day:2.264, et:1, leb:5, bs:12, ueb:9,
Net:0.0765710538705, Trade:0.558514728622, Cost:0.481943674752, Trades/Day:4.224, et:2, leb:5, bs:2, ueb:9,
Net:0.0817934369694, Trade:0.483271188418, Cost:0.401477751449, Trades/Day:2.536, et:2, leb:5, bs:3, ueb:9,
Net:0.0267647527471, Trade:0.424691751857, Cost:0.39792699911, Trades/Day:2.328, et:2, leb:5, bs:4, ueb:9,
Net:0.0131575768879, Trade:0.407260211563, Cost:0.394102634675, Trades/Day:2.28, et:2, leb:5, bs:5, ueb:9,
Net:0.0103174873116, Trade:0.403576054931, Cost:0.393258567619, Trades/Day:2.264, et:2, leb:5, bs:6, ueb:9,
Net:0.0103174873116, Trade:0.403576054931, Cost:0.393258567619, Trades/Day:2.264, et:2, leb:5, bs:7, ueb:9,
Net:0.0103174873116, Trade:0.403576054931, Cost:0.393258567619, Trades/Day:2.264, et:2, leb:5, bs:8, ueb:9,
Net:0.0103174873116, Trade:0.403576054931, Cost:0.393258567619, Trades/Day:2.264, et:2, leb:5, bs:9, ueb:9,
Net:0.0103174873116, Trade:0.403576054931, Cost:0.393258567619, Trades/Day:2.264, et:2, leb:5, bs:10, ueb:9,
Net:0.0103174873116, Trade:0.403576054931, Cost:0.393258567619, Trades/Day:2.264, et:2, leb:5, bs:11, ueb:9,
Net:0.0103174873116, Trade:0.403576054931, Cost:0.393258567619, Trades/Day:2.264, et:2, leb:5, bs:12, ueb:9,
Net:0.0685792001988, Trade:0.483869967871, Cost:0.415290767672, Trades/Day:2.832, et:3, leb:5, bs:2, ueb:9,
Net:0.0226222982871, Trade:0.41672503049, Cost:0.394102732203, Trades/Day:2.312, et:3, leb:5, bs:3, ueb:9,
Net:0.0103174873116, Trade:0.403576054931, Cost:0.393258567619, Trades/Day:2.264, et:3, leb:5, bs:4, ueb:9,
Net:0.0103174873116, Trade:0.403576054931, Cost:0.393258567619, Trades/Day:2.264, et:3, leb:5, bs:5, ueb:9,
Net:0.0103174873116, Trade:0.403576054931, Cost:0.393258567619, Trades/Day:2.264, et:3, leb:5, bs:6, ueb:9,
Net:0.0103174873116, Trade:0.403576054931, Cost:0.393258567619, Trades/Day:2.264, et:3, leb:5, bs:7, ueb:9,
Net:0.0103174873116, Trade:0.403576054931, Cost:0.393258567619, Trades/Day:2.264, et:3, leb:5, bs:8, ueb:9,
Net:0.0103174873116, Trade:0.403576054931, Cost:0.393258567619, Trades/Day:2.264, et:3, leb:5, bs:9, ueb:9,
Net:0.0103174873116, Trade:0.403576054931, Cost:0.393258567619, Trades/Day:2.264, et:3, leb:5, bs:10, ueb:9,
Net:0.0103174873116, Trade:0.403576054931, Cost:0.393258567619, Trades/Day:2.264, et:3, leb:5, bs:11, ueb:9,
Net:0.0103174873116, Trade:0.403576054931, Cost:0.393258567619, Trades/Day:2.264, et:3, leb:5, bs:12, ueb:9,
Net:0.11104077476, Trade:0.587278984369, Cost:0.476238209609, Trades/Day:4.176, et:4, leb:5, bs:1, ueb:9,
Net:0.0793598040733, Trade:0.47438043531, Cost:0.395020631237, Trades/Day:2.304, et:4, leb:5, bs:2, ueb:9,
Net:0.0103174873116, Trade:0.403576054931, Cost:0.393258567619, Trades/Day:2.264, et:4, leb:5, bs:3, ueb:9,
Net:0.0103174873116, Trade:0.403576054931, Cost:0.393258567619, Trades/Day:2.264, et:4, leb:5, bs:4, ueb:9,
Net:0.0103174873116, Trade:0.403576054931, Cost:0.393258567619, Trades/Day:2.264, et:4, leb:5, bs:5, ueb:9,
Net:0.0103174873116, Trade:0.403576054931, Cost:0.393258567619, Trades/Day:2.264, et:4, leb:5, bs:6, ueb:9,
Net:0.0103174873116, Trade:0.403576054931, Cost:0.393258567619, Trades/Day:2.264, et:4, leb:5, bs:7, ueb:9,
Net:0.0103174873116, Trade:0.403576054931, Cost:0.393258567619, Trades/Day:2.264, et:4, leb:5, bs:8, ueb:9,
Net:0.0103174873116, Trade:0.403576054931, Cost:0.393258567619, Trades/Day:2.264, et:4, leb:5, bs:9, ueb:9,
Net:0.0103174873116, Trade:0.403576054931, Cost:0.393258567619, Trades/Day:2.264, et:4, leb:5, bs:10, ueb:9,
Net:0.0103174873116, Trade:0.403576054931, Cost:0.393258567619, Trades/Day:2.264, et:4, leb:5, bs:11, ueb:9,
Net:0.0103174873116, Trade:0.403576054931, Cost:0.393258567619, Trades/Day:2.264, et:4, leb:5, bs:12, ueb:9,
Net:0.0347125500999, Trade:0.43774789086, Cost:0.40303534076, Trades/Day:2.464, et:5, leb:5, bs:1, ueb:9,
Net:0.0103174873116, Trade:0.403576054931, Cost:0.393258567619, Trades/Day:2.264, et:5, leb:5, bs:2, ueb:9,
Net:0.0103174873116, Trade:0.403576054931, Cost:0.393258567619, Trades/Day:2.264, et:5, leb:5, bs:3, ueb:9,
Net:0.0103174873116, Trade:0.403576054931, Cost:0.393258567619, Trades/Day:2.264, et:5, leb:5, bs:4, ueb:9,
Net:0.0103174873116, Trade:0.403576054931, Cost:0.393258567619, Trades/Day:2.264, et:5, leb:5, bs:5, ueb:9,
Net:0.0103174873116, Trade:0.403576054931, Cost:0.393258567619, Trades/Day:2.264, et:5, leb:5, bs:6, ueb:9,
Net:0.0103174873116, Trade:0.403576054931, Cost:0.393258567619, Trades/Day:2.264, et:5, leb:5, bs:7, ueb:9,
Net:0.0103174873116, Trade:0.403576054931, Cost:0.393258567619, Trades/Day:2.264, et:5, leb:5, bs:8, ueb:9,
Net:0.0103174873116, Trade:0.403576054931, Cost:0.393258567619, Trades/Day:2.264, et:5, leb:5, bs:9, ueb:9,
Net:0.0103174873116, Trade:0.403576054931, Cost:0.393258567619, Trades/Day:2.264, et:5, leb:5, bs:10, ueb:9,
Net:0.0103174873116, Trade:0.403576054931, Cost:0.393258567619, Trades/Day:2.264, et:5, leb:5, bs:11, ueb:9,
Net:0.0103174873116, Trade:0.403576054931, Cost:0.393258567619, Trades/Day:2.264, et:5, leb:5, bs:12, ueb:9,
Net:0.00273050203321, Trade:0.147221637869, Cost:0.144491135835, Trades/Day:1.576, et:-4, leb:6, bs:12, ueb:7,
Net:0.00374971678663, Trade:0.147018354443, Cost:0.143268637657, Trades/Day:1.552, et:-3, leb:6, bs:11, ueb:7,
Net:0.0251375841194, Trade:0.164953386108, Cost:0.139815801989, Trades/Day:1.496, et:-2, leb:6, bs:8, ueb:7,
Net:0.0114426366359, Trade:0.149849389748, Cost:0.138406753112, Trades/Day:1.48, et:-2, leb:6, bs:9, ueb:7,
Net:0.021910975057, Trade:0.159402123407, Cost:0.13749114835, Trades/Day:1.464, et:-2, leb:6, bs:10, ueb:7,
Net:0.0281958403569, Trade:0.164275682963, Cost:0.136079842607, Trades/Day:1.448, et:-2, leb:6, bs:11, ueb:7,
Net:0.0519875358179, Trade:0.184075932106, Cost:0.132088396288, Trades/Day:1.416, et:-2, leb:6, bs:12, ueb:7,
Net:0.0473119732597, Trade:0.183481039673, Cost:0.136169066413, Trades/Day:1.432, et:-1, leb:6, bs:7, ueb:7,
Net:0.0549108167926, Trade:0.184716641508, Cost:0.129805824716, Trades/Day:1.352, et:-1, leb:6, bs:8, ueb:7,
Net:0.0379038297412, Trade:0.165324504325, Cost:0.127420674584, Trades/Day:1.312, et:-1, leb:6, bs:9, ueb:7,
Net:0.0648577906937, Trade:0.19029111735, Cost:0.125433326656, Trades/Day:1.272, et:-1, leb:6, bs:10, ueb:7,
Net:0.0861332776067, Trade:0.208498449071, Cost:0.122365171464, Trades/Day:1.232, et:-1, leb:6, bs:11, ueb:7,
Net:0.101678712592, Trade:0.222037197284, Cost:0.120358484692, Trades/Day:1.208, et:-1, leb:6, bs:12, ueb:7,
Net:0.0187896764972, Trade:0.168663663127, Cost:0.14987398663, Trades/Day:1.632, et:0, leb:6, bs:3, ueb:7,
Net:0.0478804764298, Trade:0.186158498525, Cost:0.138278022095, Trades/Day:1.456, et:0, leb:6, bs:4, ueb:7,
Net:0.0768313457359, Trade:0.198108819843, Cost:0.121277474107, Trades/Day:1.2, et:0, leb:6, bs:5, ueb:7,
Net:0.178939871997, Trade:0.293854415236, Cost:0.114914543239, Trades/Day:0.984, et:0, leb:6, bs:6, ueb:7,
Net:0.204477888202, Trade:0.316451701751, Cost:0.11197381355, Trades/Day:0.832, et:0, leb:6, bs:7, ueb:7,
Net:0.267580902413, Trade:0.377343946395, Cost:0.109763043981, Trades/Day:0.752, et:0, leb:6, bs:8, ueb:7,
Net:0.149160180171, Trade:0.25892263284, Cost:0.109762452669, Trades/Day:0.696, et:0, leb:6, bs:9, ueb:7,
Net:0.118363577926, Trade:0.228125945252, Cost:0.109762367326, Trades/Day:0.672, et:0, leb:6, bs:10, ueb:7,
Net:0.0594602698983, Trade:0.169222556015, Cost:0.109762286116, Trades/Day:0.664, et:0, leb:6, bs:11, ueb:7,
Net:0.0660370564757, Trade:0.175799319047, Cost:0.109762262571, Trades/Day:0.656, et:0, leb:6, bs:12, ueb:7,
Net:0.00170630444584, Trade:0.153159766734, Cost:0.151453462288, Trades/Day:1.648, et:1, leb:6, bs:2, ueb:7,
Net:0.0306461757721, Trade:0.173529541976, Cost:0.142883366204, Trades/Day:1.432, et:1, leb:6, bs:3, ueb:7,
Net:0.0858198928128, Trade:0.207713570797, Cost:0.121893677984, Trades/Day:1.016, et:1, leb:6, bs:4, ueb:7,
Net:0.130890983485, Trade:0.241572617019, Cost:0.110681633534, Trades/Day:0.8, et:1, leb:6, bs:5, ueb:7,
Net:0.0659405479676, Trade:0.176621251916, Cost:0.110680703949, Trades/Day:0.72, et:1, leb:6, bs:6, ueb:7,
Net:0.065108898988, Trade:0.174871236253, Cost:0.109762337265, Trades/Day:0.664, et:1, leb:6, bs:7, ueb:7,
Net:0.0660370564757, Trade:0.175799319047, Cost:0.109762262571, Trades/Day:0.656, et:1, leb:6, bs:8, ueb:7,
Net:0.0660370564757, Trade:0.175799319047, Cost:0.109762262571, Trades/Day:0.656, et:1, leb:6, bs:9, ueb:7,
Net:0.0660370564757, Trade:0.175799319047, Cost:0.109762262571, Trades/Day:0.656, et:1, leb:6, bs:10, ueb:7,
Net:0.0660370564757, Trade:0.175799319047, Cost:0.109762262571, Trades/Day:0.656, et:1, leb:6, bs:11, ueb:7,
Net:0.0660370564757, Trade:0.175799319047, Cost:0.109762262571, Trades/Day:0.656, et:1, leb:6, bs:12, ueb:7,
Net:0.016175293133, Trade:0.15278818329, Cost:0.136612890157, Trades/Day:1.392, et:2, leb:6, bs:2, ueb:7,
Net:0.164694242001, Trade:0.279333281759, Cost:0.114639039759, Trades/Day:0.84, et:2, leb:6, bs:3, ueb:7,
Net:0.148252855223, Trade:0.25801571845, Cost:0.109762863227, Trades/Day:0.696, et:2, leb:6, bs:4, ueb:7,
Net:0.104672705727, Trade:0.214435069975, Cost:0.109762364248, Trades/Day:0.672, et:2, leb:6, bs:5, ueb:7,
Net:0.0660370564757, Trade:0.175799319047, Cost:0.109762262571, Trades/Day:0.656, et:2, leb:6, bs:6, ueb:7,
Net:0.0660370564757, Trade:0.175799319047, Cost:0.109762262571, Trades/Day:0.656, et:2, leb:6, bs:7, ueb:7,
Net:0.0660370564757, Trade:0.175799319047, Cost:0.109762262571, Trades/Day:0.656, et:2, leb:6, bs:8, ueb:7,
Net:0.0660370564757, Trade:0.175799319047, Cost:0.109762262571, Trades/Day:0.656, et:2, leb:6, bs:9, ueb:7,
Net:0.0660370564757, Trade:0.175799319047, Cost:0.109762262571, Trades/Day:0.656, et:2, leb:6, bs:10, ueb:7,
Net:0.0660370564757, Trade:0.175799319047, Cost:0.109762262571, Trades/Day:0.656, et:2, leb:6, bs:11, ueb:7,
Net:0.0660370564757, Trade:0.175799319047, Cost:0.109762262571, Trades/Day:0.656, et:2, leb:6, bs:12, ueb:7,
Net:0.0831936265215, Trade:0.194904074041, Cost:0.111710447519, Trades/Day:0.712, et:3, leb:6, bs:3, ueb:7,
Net:0.0660370564757, Trade:0.175799319047, Cost:0.109762262571, Trades/Day:0.656, et:3, leb:6, bs:4, ueb:7,
Net:0.0660370564757, Trade:0.175799319047, Cost:0.109762262571, Trades/Day:0.656, et:3, leb:6, bs:5, ueb:7,
Net:0.0660370564757, Trade:0.175799319047, Cost:0.109762262571, Trades/Day:0.656, et:3, leb:6, bs:6, ueb:7,
Net:0.0660370564757, Trade:0.175799319047, Cost:0.109762262571, Trades/Day:0.656, et:3, leb:6, bs:7, ueb:7,
Net:0.0660370564757, Trade:0.175799319047, Cost:0.109762262571, Trades/Day:0.656, et:3, leb:6, bs:8, ueb:7,
Net:0.0660370564757, Trade:0.175799319047, Cost:0.109762262571, Trades/Day:0.656, et:3, leb:6, bs:9, ueb:7,
Net:0.0660370564757, Trade:0.175799319047, Cost:0.109762262571, Trades/Day:0.656, et:3, leb:6, bs:10, ueb:7,
Net:0.0660370564757, Trade:0.175799319047, Cost:0.109762262571, Trades/Day:0.656, et:3, leb:6, bs:11, ueb:7,
Net:0.0660370564757, Trade:0.175799319047, Cost:0.109762262571, Trades/Day:0.656, et:3, leb:6, bs:12, ueb:7,
Net:0.0495756578684, Trade:0.195893165933, Cost:0.146317508064, Trades/Day:1.488, et:4, leb:6, bs:1, ueb:7,
Net:0.17765929838, Trade:0.295548688056, Cost:0.117889389676, Trades/Day:0.768, et:4, leb:6, bs:2, ueb:7,
Net:0.0660370564757, Trade:0.175799319047, Cost:0.109762262571, Trades/Day:0.656, et:4, leb:6, bs:3, ueb:7,
Net:0.0660370564757, Trade:0.175799319047, Cost:0.109762262571, Trades/Day:0.656, et:4, leb:6, bs:4, ueb:7,
Net:0.0660370564757, Trade:0.175799319047, Cost:0.109762262571, Trades/Day:0.656, et:4, leb:6, bs:5, ueb:7,
Net:0.0660370564757, Trade:0.175799319047, Cost:0.109762262571, Trades/Day:0.656, et:4, leb:6, bs:6, ueb:7,
Net:0.0660370564757, Trade:0.175799319047, Cost:0.109762262571, Trades/Day:0.656, et:4, leb:6, bs:7, ueb:7,
Net:0.0660370564757, Trade:0.175799319047, Cost:0.109762262571, Trades/Day:0.656, et:4, leb:6, bs:8, ueb:7,
Net:0.0660370564757, Trade:0.175799319047, Cost:0.109762262571, Trades/Day:0.656, et:4, leb:6, bs:9, ueb:7,
Net:0.0660370564757, Trade:0.175799319047, Cost:0.109762262571, Trades/Day:0.656, et:4, leb:6, bs:10, ueb:7,
Net:0.0660370564757, Trade:0.175799319047, Cost:0.109762262571, Trades/Day:0.656, et:4, leb:6, bs:11, ueb:7,
Net:0.0660370564757, Trade:0.175799319047, Cost:0.109762262571, Trades/Day:0.656, et:4, leb:6, bs:12, ueb:7,
Net:0.0237605915674, Trade:0.161668427865, Cost:0.137907836297, Trades/Day:1.232, et:5, leb:6, bs:1, ueb:7,
Net:0.0494627815188, Trade:0.163130464699, Cost:0.11366768318, Trades/Day:0.688, et:5, leb:6, bs:2, ueb:7,
Net:0.0660370564757, Trade:0.175799319047, Cost:0.109762262571, Trades/Day:0.656, et:5, leb:6, bs:3, ueb:7,
Net:0.0660370564757, Trade:0.175799319047, Cost:0.109762262571, Trades/Day:0.656, et:5, leb:6, bs:4, ueb:7,
Net:0.0660370564757, Trade:0.175799319047, Cost:0.109762262571, Trades/Day:0.656, et:5, leb:6, bs:5, ueb:7,
Net:0.0660370564757, Trade:0.175799319047, Cost:0.109762262571, Trades/Day:0.656, et:5, leb:6, bs:6, ueb:7,
Net:0.0660370564757, Trade:0.175799319047, Cost:0.109762262571, Trades/Day:0.656, et:5, leb:6, bs:7, ueb:7,
Net:0.0660370564757, Trade:0.175799319047, Cost:0.109762262571, Trades/Day:0.656, et:5, leb:6, bs:8, ueb:7,
Net:0.0660370564757, Trade:0.175799319047, Cost:0.109762262571, Trades/Day:0.656, et:5, leb:6, bs:9, ueb:7,
Net:0.0660370564757, Trade:0.175799319047, Cost:0.109762262571, Trades/Day:0.656, et:5, leb:6, bs:10, ueb:7,
Net:0.0660370564757, Trade:0.175799319047, Cost:0.109762262571, Trades/Day:0.656, et:5, leb:6, bs:11, ueb:7,
Net:0.0660370564757, Trade:0.175799319047, Cost:0.109762262571, Trades/Day:0.656, et:5, leb:6, bs:12, ueb:7,
Net:0.108360366019, Trade:0.235064412843, Cost:0.126704046825, Trades/Day:0.936, et:6, leb:6, bs:1, ueb:7,
Net:0.0649025848126, Trade:0.176622275015, Cost:0.111719690202, Trades/Day:0.672, et:6, leb:6, bs:2, ueb:7,
Net:0.0660370564757, Trade:0.175799319047, Cost:0.109762262571, Trades/Day:0.656, et:6, leb:6, bs:3, ueb:7,
Net:0.0660370564757, Trade:0.175799319047, Cost:0.109762262571, Trades/Day:0.656, et:6, leb:6, bs:4, ueb:7,
Net:0.0660370564757, Trade:0.175799319047, Cost:0.109762262571, Trades/Day:0.656, et:6, leb:6, bs:5, ueb:7,
Net:0.0660370564757, Trade:0.175799319047, Cost:0.109762262571, Trades/Day:0.656, et:6, leb:6, bs:6, ueb:7,
Net:0.0660370564757, Trade:0.175799319047, Cost:0.109762262571, Trades/Day:0.656, et:6, leb:6, bs:7, ueb:7,
Net:0.0660370564757, Trade:0.175799319047, Cost:0.109762262571, Trades/Day:0.656, et:6, leb:6, bs:8, ueb:7,
Net:0.0660370564757, Trade:0.175799319047, Cost:0.109762262571, Trades/Day:0.656, et:6, leb:6, bs:9, ueb:7,
Net:0.0660370564757, Trade:0.175799319047, Cost:0.109762262571, Trades/Day:0.656, et:6, leb:6, bs:10, ueb:7,
Net:0.0660370564757, Trade:0.175799319047, Cost:0.109762262571, Trades/Day:0.656, et:6, leb:6, bs:11, ueb:7,
Net:0.0660370564757, Trade:0.175799319047, Cost:0.109762262571, Trades/Day:0.656, et:6, leb:6, bs:12, ueb:7,
Net:0.0170728304751, Trade:0.242381495944, Cost:0.225308665469, Trades/Day:2.352, et:-4, leb:6, bs:12, ueb:8,
Net:0.0107775298483, Trade:0.231985443668, Cost:0.22120791382, Trades/Day:2.304, et:-3, leb:6, bs:11, ueb:8,
Net:0.0350358890324, Trade:0.255300051528, Cost:0.220264162496, Trades/Day:2.28, et:-3, leb:6, bs:12, ueb:8,
Net:0.0504979289165, Trade:0.270457586042, Cost:0.219959657125, Trades/Day:2.256, et:-2, leb:6, bs:8, ueb:8,
Net:0.0478652330657, Trade:0.266415817086, Cost:0.218550584021, Trades/Day:2.24, et:-2, leb:6, bs:9, ueb:8,
Net:0.0624438576804, Trade:0.279135196339, Cost:0.216691338658, Trades/Day:2.2, et:-2, leb:6, bs:10, ueb:8,
Net:0.0799864492884, Trade:0.291314855386, Cost:0.211328406098, Trades/Day:2.144, et:-2, leb:6, bs:11, ueb:8,
Net:0.126797927912, Trade:0.333250128108, Cost:0.206452200197, Trades/Day:2.088, et:-2, leb:6, bs:12, ueb:8,
Net:0.0624527660753, Trade:0.276870435678, Cost:0.214417669603, Trades/Day:2.152, et:-1, leb:6, bs:7, ueb:8,
Net:0.126539346211, Trade:0.326616184276, Cost:0.200076838065, Trades/Day:1.984, et:-1, leb:6, bs:8, ueb:8,
Net:0.12083031739, Trade:0.318521959276, Cost:0.197691641885, Trades/Day:1.936, et:-1, leb:6, bs:9, ueb:8,
Net:0.16549591698, Trade:0.357815902808, Cost:0.192319985828, Trades/Day:1.864, et:-1, leb:6, bs:10, ueb:8,
Net:0.168396100798, Trade:0.355410605621, Cost:0.187014504823, Trades/Day:1.792, et:-1, leb:6, bs:11, ueb:8,
Net:0.187043249677, Trade:0.369030309342, Cost:0.181987059665, Trades/Day:1.728, et:-1, leb:6, bs:12, ueb:8,
Net:0.0412035212702, Trade:0.265896842885, Cost:0.224693321615, Trades/Day:2.36, et:0, leb:6, bs:3, ueb:8,
Net:0.12564540753, Trade:0.333650453024, Cost:0.208005045494, Trades/Day:2.096, et:0, leb:6, bs:4, ueb:8,
Net:0.154959294488, Trade:0.338359755315, Cost:0.183400460827, Trades/Day:1.696, et:0, leb:6, bs:5, ueb:8,
Net:0.251113986254, Trade:0.422802699413, Cost:0.171688713159, Trades/Day:1.336, et:0, leb:6, bs:6, ueb:8,
Net:0.31140089543, Trade:0.475247959076, Cost:0.163847063646, Trades/Day:1.096, et:0, leb:6, bs:7, ueb:8,
Net:0.376342432525, Trade:0.538896475662, Cost:0.162554043137, Trades/Day:1.032, et:0, leb:6, bs:8, ueb:8,
Net:0.351669552805, Trade:0.512834851259, Cost:0.161165298453, Trades/Day:0.96, et:0, leb:6, bs:9, ueb:8,
Net:0.321140855809, Trade:0.482306069926, Cost:0.161165214117, Trades/Day:0.936, et:0, leb:6, bs:10, ueb:8,
Net:0.262237547781, Trade:0.423402680689, Cost:0.161165132907, Trades/Day:0.928, et:0, leb:6, bs:11, ueb:8,
Net:0.268697396527, Trade:0.429862506308, Cost:0.161165109781, Trades/Day:0.92, et:0, leb:6, bs:12, ueb:8,
Net:0.00519864591449, Trade:0.229990216473, Cost:0.224791570558, Trades/Day:2.36, et:1, leb:6, bs:2, ueb:8,
Net:0.0839856316732, Trade:0.290835404608, Cost:0.206849772935, Trades/Day:2.0, et:1, leb:6, bs:3, ueb:8,
Net:0.227987466488, Trade:0.405976031779, Cost:0.177988565291, Trades/Day:1.384, et:1, leb:6, bs:4, ueb:8,
Net:0.305625774822, Trade:0.467619821667, Cost:0.161994046846, Trades/Day:1.056, et:1, leb:6, bs:5, ueb:8,
Net:0.268641145047, Trade:0.429806945823, Cost:0.161165800776, Trades/Day:0.968, et:1, leb:6, bs:6, ueb:8,
Net:0.26776923904, Trade:0.428934423514, Cost:0.161165184474, Trades/Day:0.928, et:1, leb:6, bs:7, ueb:8,
Net:0.268697396527, Trade:0.429862506308, Cost:0.161165109781, Trades/Day:0.92, et:1, leb:6, bs:8, ueb:8,
Net:0.268697396527, Trade:0.429862506308, Cost:0.161165109781, Trades/Day:0.92, et:1, leb:6, bs:9, ueb:8,
Net:0.268697396527, Trade:0.429862506308, Cost:0.161165109781, Trades/Day:0.92, et:1, leb:6, bs:10, ueb:8,
Net:0.268697396527, Trade:0.429862506308, Cost:0.161165109781, Trades/Day:0.92, et:1, leb:6, bs:11, ueb:8,
Net:0.268697396527, Trade:0.429862506308, Cost:0.161165109781, Trades/Day:0.92, et:1, leb:6, bs:12, ueb:8,
Net:0.104875304328, Trade:0.306065323362, Cost:0.201190019034, Trades/Day:1.896, et:2, leb:6, bs:2, ueb:8,
Net:0.265754858645, Trade:0.435273838483, Cost:0.169518979838, Trades/Day:1.144, et:2, leb:6, bs:3, ueb:8,
Net:0.312910677886, Trade:0.474903898234, Cost:0.161993220347, Trades/Day:0.968, et:2, leb:6, bs:4, ueb:8,
Net:0.297300963701, Trade:0.458466115946, Cost:0.161165152245, Trades/Day:0.928, et:2, leb:6, bs:5, ueb:8,
Net:0.268697396527, Trade:0.429862506308, Cost:0.161165109781, Trades/Day:0.92, et:2, leb:6, bs:6, ueb:8,
Net:0.268697396527, Trade:0.429862506308, Cost:0.161165109781, Trades/Day:0.92, et:2, leb:6, bs:7, ueb:8,
Net:0.268697396527, Trade:0.429862506308, Cost:0.161165109781, Trades/Day:0.92, et:2, leb:6, bs:8, ueb:8,
Net:0.268697396527, Trade:0.429862506308, Cost:0.161165109781, Trades/Day:0.92, et:2, leb:6, bs:9, ueb:8,
Net:0.268697396527, Trade:0.429862506308, Cost:0.161165109781, Trades/Day:0.92, et:2, leb:6, bs:10, ueb:8,
Net:0.268697396527, Trade:0.429862506308, Cost:0.161165109781, Trades/Day:0.92, et:2, leb:6, bs:11, ueb:8,
Net:0.268697396527, Trade:0.429862506308, Cost:0.161165109781, Trades/Day:0.92, et:2, leb:6, bs:12, ueb:8,
Net:0.104337891272, Trade:0.284558893734, Cost:0.180221002463, Trades/Day:1.384, et:3, leb:6, bs:2, ueb:8,
Net:0.296182016768, Trade:0.459316312102, Cost:0.163134295334, Trades/Day:0.976, et:3, leb:6, bs:3, ueb:8,
Net:0.268697396527, Trade:0.429862506308, Cost:0.161165109781, Trades/Day:0.92, et:3, leb:6, bs:4, ueb:8,
Net:0.268697396527, Trade:0.429862506308, Cost:0.161165109781, Trades/Day:0.92, et:3, leb:6, bs:5, ueb:8,
Net:0.268697396527, Trade:0.429862506308, Cost:0.161165109781, Trades/Day:0.92, et:3, leb:6, bs:6, ueb:8,
Net:0.268697396527, Trade:0.429862506308, Cost:0.161165109781, Trades/Day:0.92, et:3, leb:6, bs:7, ueb:8,
Net:0.268697396527, Trade:0.429862506308, Cost:0.161165109781, Trades/Day:0.92, et:3, leb:6, bs:8, ueb:8,
Net:0.268697396527, Trade:0.429862506308, Cost:0.161165109781, Trades/Day:0.92, et:3, leb:6, bs:9, ueb:8,
Net:0.268697396527, Trade:0.429862506308, Cost:0.161165109781, Trades/Day:0.92, et:3, leb:6, bs:10, ueb:8,
Net:0.268697396527, Trade:0.429862506308, Cost:0.161165109781, Trades/Day:0.92, et:3, leb:6, bs:11, ueb:8,
Net:0.268697396527, Trade:0.429862506308, Cost:0.161165109781, Trades/Day:0.92, et:3, leb:6, bs:12, ueb:8,
Net:0.0252132072041, Trade:0.237772948043, Cost:0.212559740839, Trades/Day:2.048, et:4, leb:6, bs:1, ueb:8,
Net:0.349886779841, Trade:0.517367034701, Cost:0.16748025486, Trades/Day:1.008, et:4, leb:6, bs:2, ueb:8,
Net:0.268697396527, Trade:0.429862506308, Cost:0.161165109781, Trades/Day:0.92, et:4, leb:6, bs:3, ueb:8,
Net:0.268697396527, Trade:0.429862506308, Cost:0.161165109781, Trades/Day:0.92, et:4, leb:6, bs:4, ueb:8,
Net:0.268697396527, Trade:0.429862506308, Cost:0.161165109781, Trades/Day:0.92, et:4, leb:6, bs:5, ueb:8,
Net:0.268697396527, Trade:0.429862506308, Cost:0.161165109781, Trades/Day:0.92, et:4, leb:6, bs:6, ueb:8,
Net:0.268697396527, Trade:0.429862506308, Cost:0.161165109781, Trades/Day:0.92, et:4, leb:6, bs:7, ueb:8,
Net:0.268697396527, Trade:0.429862506308, Cost:0.161165109781, Trades/Day:0.92, et:4, leb:6, bs:8, ueb:8,
Net:0.268697396527, Trade:0.429862506308, Cost:0.161165109781, Trades/Day:0.92, et:4, leb:6, bs:9, ueb:8,
Net:0.268697396527, Trade:0.429862506308, Cost:0.161165109781, Trades/Day:0.92, et:4, leb:6, bs:10, ueb:8,
Net:0.268697396527, Trade:0.429862506308, Cost:0.161165109781, Trades/Day:0.92, et:4, leb:6, bs:11, ueb:8,
Net:0.268697396527, Trade:0.429862506308, Cost:0.161165109781, Trades/Day:0.92, et:4, leb:6, bs:12, ueb:8,
Net:0.0615616460093, Trade:0.256875212189, Cost:0.19531356618, Trades/Day:1.608, et:5, leb:6, bs:1, ueb:8,
Net:0.263569916548, Trade:0.426704019863, Cost:0.163134103315, Trades/Day:0.936, et:5, leb:6, bs:2, ueb:8,
Net:0.268697396527, Trade:0.429862506308, Cost:0.161165109781, Trades/Day:0.92, et:5, leb:6, bs:3, ueb:8,
Net:0.268697396527, Trade:0.429862506308, Cost:0.161165109781, Trades/Day:0.92, et:5, leb:6, bs:4, ueb:8,
Net:0.268697396527, Trade:0.429862506308, Cost:0.161165109781, Trades/Day:0.92, et:5, leb:6, bs:5, ueb:8,
Net:0.268697396527, Trade:0.429862506308, Cost:0.161165109781, Trades/Day:0.92, et:5, leb:6, bs:6, ueb:8,
Net:0.268697396527, Trade:0.429862506308, Cost:0.161165109781, Trades/Day:0.92, et:5, leb:6, bs:7, ueb:8,
Net:0.268697396527, Trade:0.429862506308, Cost:0.161165109781, Trades/Day:0.92, et:5, leb:6, bs:8, ueb:8,
Net:0.268697396527, Trade:0.429862506308, Cost:0.161165109781, Trades/Day:0.92, et:5, leb:6, bs:9, ueb:8,
Net:0.268697396527, Trade:0.429862506308, Cost:0.161165109781, Trades/Day:0.92, et:5, leb:6, bs:10, ueb:8,
Net:0.268697396527, Trade:0.429862506308, Cost:0.161165109781, Trades/Day:0.92, et:5, leb:6, bs:11, ueb:8,
Net:0.268697396527, Trade:0.429862506308, Cost:0.161165109781, Trades/Day:0.92, et:5, leb:6, bs:12, ueb:8,
Net:0.20790806715, Trade:0.383052701737, Cost:0.175144634587, Trades/Day:1.16, et:6, leb:6, bs:1, ueb:8,
Net:0.268697396527, Trade:0.429862506308, Cost:0.161165109781, Trades/Day:0.92, et:6, leb:6, bs:2, ueb:8,
Net:0.268697396527, Trade:0.429862506308, Cost:0.161165109781, Trades/Day:0.92, et:6, leb:6, bs:3, ueb:8,
Net:0.268697396527, Trade:0.429862506308, Cost:0.161165109781, Trades/Day:0.92, et:6, leb:6, bs:4, ueb:8,
Net:0.268697396527, Trade:0.429862506308, Cost:0.161165109781, Trades/Day:0.92, et:6, leb:6, bs:5, ueb:8,
Net:0.268697396527, Trade:0.429862506308, Cost:0.161165109781, Trades/Day:0.92, et:6, leb:6, bs:6, ueb:8,
Net:0.268697396527, Trade:0.429862506308, Cost:0.161165109781, Trades/Day:0.92, et:6, leb:6, bs:7, ueb:8,
Net:0.268697396527, Trade:0.429862506308, Cost:0.161165109781, Trades/Day:0.92, et:6, leb:6, bs:8, ueb:8,
Net:0.268697396527, Trade:0.429862506308, Cost:0.161165109781, Trades/Day:0.92, et:6, leb:6, bs:9, ueb:8,
Net:0.268697396527, Trade:0.429862506308, Cost:0.161165109781, Trades/Day:0.92, et:6, leb:6, bs:10, ueb:8,
Net:0.268697396527, Trade:0.429862506308, Cost:0.161165109781, Trades/Day:0.92, et:6, leb:6, bs:11, ueb:8,
Net:0.268697396527, Trade:0.429862506308, Cost:0.161165109781, Trades/Day:0.92, et:6, leb:6, bs:12, ueb:8,
Net:0.0132740468691, Trade:0.2607296611, Cost:0.247455614231, Trades/Day:2.536, et:-3, leb:6, bs:12, ueb:9,
Net:0.0289353777042, Trade:0.279082515267, Cost:0.250147137562, Trades/Day:2.536, et:-2, leb:6, bs:8, ueb:9,
Net:0.0218623775024, Trade:0.270600437587, Cost:0.248738060085, Trades/Day:2.52, et:-2, leb:6, bs:9, ueb:9,
Net:0.0378904946039, Trade:0.284769304219, Cost:0.246878809615, Trades/Day:2.48, et:-2, leb:6, bs:10, ueb:9,
Net:0.0549197371397, Trade:0.294426053301, Cost:0.239506316161, Trades/Day:2.408, et:-2, leb:6, bs:11, ueb:9,
Net:0.0961736085463, Trade:0.331824138292, Cost:0.235650529746, Trades/Day:2.344, et:-2, leb:6, bs:12, ueb:9,
Net:0.00404836036409, Trade:0.253328453921, Cost:0.249280093557, Trades/Day:2.52, et:-1, leb:6, bs:6, ueb:9,
Net:0.0769047955959, Trade:0.318725003018, Cost:0.241820207422, Trades/Day:2.392, et:-1, leb:6, bs:7, ueb:9,
Net:0.129664865982, Trade:0.35692931625, Cost:0.227264450268, Trades/Day:2.208, et:-1, leb:6, bs:8, ueb:9,
Net:0.133967453288, Trade:0.358846705168, Cost:0.224879251881, Trades/Day:2.16, et:-1, leb:6, bs:9, ueb:9,
Net:0.15040214315, Trade:0.368124796025, Cost:0.217722652875, Trades/Day:2.056, et:-1, leb:6, bs:10, ueb:9,
Net:0.140167348743, Trade:0.353211774172, Cost:0.213044425429, Trades/Day:1.992, et:-1, leb:6, bs:11, ueb:9,
Net:0.158999595929, Trade:0.36701657541, Cost:0.20801697948, Trades/Day:1.928, et:-1, leb:6, bs:12, ueb:9,
Net:0.0445396451464, Trade:0.300048811673, Cost:0.255509166527, Trades/Day:2.648, et:0, leb:6, bs:3, ueb:9,
Net:0.109375590102, Trade:0.34356792822, Cost:0.234192338119, Trades/Day:2.32, et:0, leb:6, bs:4, ueb:9,
Net:0.0858640749007, Trade:0.29529442048, Cost:0.209430345579, Trades/Day:1.896, et:0, leb:6, bs:5, ueb:9,
Net:0.112831559322, Trade:0.310549760905, Cost:0.197718201583, Trades/Day:1.512, et:0, leb:6, bs:6, ueb:9,
Net:0.162450575205, Trade:0.352327006849, Cost:0.189876431644, Trades/Day:1.248, et:0, leb:6, bs:7, ueb:9,
Net:0.227251911442, Trade:0.415835323175, Cost:0.188583411732, Trades/Day:1.184, et:0, leb:6, bs:8, ueb:9,
Net:0.210410592429, Trade:0.397605262895, Cost:0.187194670466, Trades/Day:1.112, et:0, leb:6, bs:9, ueb:9,
Net:0.179675994552, Trade:0.366870580365, Cost:0.187194585813, Trades/Day:1.088, et:0, leb:6, bs:10, ueb:9,
Net:0.120772686525, Trade:0.307967191128, Cost:0.187194504603, Trades/Day:1.08, et:0, leb:6, bs:11, ueb:9,
Net:0.12723253527, Trade:0.314427016747, Cost:0.187194481477, Trades/Day:1.072, et:0, leb:6, bs:12, ueb:9,
Net:0.00525825950071, Trade:0.261646793635, Cost:0.256388534134, Trades/Day:2.664, et:1, leb:6, bs:2, ueb:9,
Net:0.050597921319, Trade:0.284624800263, Cost:0.234026878944, Trades/Day:2.24, et:1, leb:6, bs:3, ueb:9,
Net:0.138371847358, Trade:0.341389537992, Cost:0.203017690635, Trades/Day:1.56, et:1, leb:6, bs:4, ueb:9,
Net:0.176169051129, Trade:0.364192532197, Cost:0.188023481067, Trades/Day:1.224, et:1, leb:6, bs:5, ueb:9,
Net:0.129985680888, Trade:0.317180868045, Cost:0.187195187158, Trades/Day:1.128, et:1, leb:6, bs:6, ueb:9,
Net:0.126304377783, Trade:0.313498933953, Cost:0.18719455617, Trades/Day:1.08, et:1, leb:6, bs:7, ueb:9,
Net:0.12723253527, Trade:0.314427016747, Cost:0.187194481477, Trades/Day:1.072, et:1, leb:6, bs:8, ueb:9,
Net:0.12723253527, Trade:0.314427016747, Cost:0.187194481477, Trades/Day:1.072, et:1, leb:6, bs:9, ueb:9,
Net:0.12723253527, Trade:0.314427016747, Cost:0.187194481477, Trades/Day:1.072, et:1, leb:6, bs:10, ueb:9,
Net:0.12723253527, Trade:0.314427016747, Cost:0.187194481477, Trades/Day:1.072, et:1, leb:6, bs:11, ueb:9,
Net:0.12723253527, Trade:0.314427016747, Cost:0.187194481477, Trades/Day:1.072, et:1, leb:6, bs:12, ueb:9,
Net:0.0810911606798, Trade:0.30969714474, Cost:0.228605984061, Trades/Day:2.152, et:2, leb:6, bs:2, ueb:9,
Net:0.149006222135, Trade:0.344554565733, Cost:0.195548343598, Trades/Day:1.312, et:2, leb:6, bs:3, ueb:9,
Net:0.171445816629, Trade:0.359468408673, Cost:0.188022592044, Trades/Day:1.12, et:2, leb:6, bs:4, ueb:9,
Net:0.155836102444, Trade:0.343030626385, Cost:0.187194523941, Trades/Day:1.08, et:2, leb:6, bs:5, ueb:9,
Net:0.12723253527, Trade:0.314427016747, Cost:0.187194481477, Trades/Day:1.072, et:2, leb:6, bs:6, ueb:9,
Net:0.12723253527, Trade:0.314427016747, Cost:0.187194481477, Trades/Day:1.072, et:2, leb:6, bs:7, ueb:9,
Net:0.12723253527, Trade:0.314427016747, Cost:0.187194481477, Trades/Day:1.072, et:2, leb:6, bs:8, ueb:9,
Net:0.12723253527, Trade:0.314427016747, Cost:0.187194481477, Trades/Day:1.072, et:2, leb:6, bs:9, ueb:9,
Net:0.12723253527, Trade:0.314427016747, Cost:0.187194481477, Trades/Day:1.072, et:2, leb:6, bs:10, ueb:9,
Net:0.12723253527, Trade:0.314427016747, Cost:0.187194481477, Trades/Day:1.072, et:2, leb:6, bs:11, ueb:9,
Net:0.12723253527, Trade:0.314427016747, Cost:0.187194481477, Trades/Day:1.072, et:2, leb:6, bs:12, ueb:9,
Net:0.0201905777495, Trade:0.223430054952, Cost:0.203239477202, Trades/Day:1.536, et:3, leb:6, bs:2, ueb:9,
Net:0.154717155512, Trade:0.343880822541, Cost:0.18916366703, Trades/Day:1.128, et:3, leb:6, bs:3, ueb:9,
Net:0.12723253527, Trade:0.314427016747, Cost:0.187194481477, Trades/Day:1.072, et:3, leb:6, bs:4, ueb:9,
Net:0.12723253527, Trade:0.314427016747, Cost:0.187194481477, Trades/Day:1.072, et:3, leb:6, bs:5, ueb:9,
Net:0.12723253527, Trade:0.314427016747, Cost:0.187194481477, Trades/Day:1.072, et:3, leb:6, bs:6, ueb:9,
Net:0.12723253527, Trade:0.314427016747, Cost:0.187194481477, Trades/Day:1.072, et:3, leb:6, bs:7, ueb:9,
Net:0.12723253527, Trade:0.314427016747, Cost:0.187194481477, Trades/Day:1.072, et:3, leb:6, bs:8, ueb:9,
Net:0.12723253527, Trade:0.314427016747, Cost:0.187194481477, Trades/Day:1.072, et:3, leb:6, bs:9, ueb:9,
Net:0.12723253527, Trade:0.314427016747, Cost:0.187194481477, Trades/Day:1.072, et:3, leb:6, bs:10, ueb:9,
Net:0.12723253527, Trade:0.314427016747, Cost:0.187194481477, Trades/Day:1.072, et:3, leb:6, bs:11, ueb:9,
Net:0.12723253527, Trade:0.314427016747, Cost:0.187194481477, Trades/Day:1.072, et:3, leb:6, bs:12, ueb:9,
Net:0.00580290726252, Trade:0.249852243282, Cost:0.24404933602, Trades/Day:2.336, et:4, leb:6, bs:1, ueb:9,
Net:0.216030125628, Trade:0.407529104632, Cost:0.191498979004, Trades/Day:1.136, et:4, leb:6, bs:2, ueb:9,
Net:0.12723253527, Trade:0.314427016747, Cost:0.187194481477, Trades/Day:1.072, et:4, leb:6, bs:3, ueb:9,
Net:0.12723253527, Trade:0.314427016747, Cost:0.187194481477, Trades/Day:1.072, et:4, leb:6, bs:4, ueb:9,
Net:0.12723253527, Trade:0.314427016747, Cost:0.187194481477, Trades/Day:1.072, et:4, leb:6, bs:5, ueb:9,
Net:0.12723253527, Trade:0.314427016747, Cost:0.187194481477, Trades/Day:1.072, et:4, leb:6, bs:6, ueb:9,
Net:0.12723253527, Trade:0.314427016747, Cost:0.187194481477, Trades/Day:1.072, et:4, leb:6, bs:7, ueb:9,
Net:0.12723253527, Trade:0.314427016747, Cost:0.187194481477, Trades/Day:1.072, et:4, leb:6, bs:8, ueb:9,
Net:0.12723253527, Trade:0.314427016747, Cost:0.187194481477, Trades/Day:1.072, et:4, leb:6, bs:9, ueb:9,
Net:0.12723253527, Trade:0.314427016747, Cost:0.187194481477, Trades/Day:1.072, et:4, leb:6, bs:10, ueb:9,
Net:0.12723253527, Trade:0.314427016747, Cost:0.187194481477, Trades/Day:1.072, et:4, leb:6, bs:11, ueb:9,
Net:0.12723253527, Trade:0.314427016747, Cost:0.187194481477, Trades/Day:1.072, et:4, leb:6, bs:12, ueb:9,
Net:0.0104406539717, Trade:0.232043271039, Cost:0.221602617067, Trades/Day:1.784, et:5, leb:6, bs:1, ueb:9,
Net:0.122105055291, Trade:0.311268530302, Cost:0.189163475011, Trades/Day:1.088, et:5, leb:6, bs:2, ueb:9,
Net:0.12723253527, Trade:0.314427016747, Cost:0.187194481477, Trades/Day:1.072, et:5, leb:6, bs:3, ueb:9,
Net:0.12723253527, Trade:0.314427016747, Cost:0.187194481477, Trades/Day:1.072, et:5, leb:6, bs:4, ueb:9,
Net:0.12723253527, Trade:0.314427016747, Cost:0.187194481477, Trades/Day:1.072, et:5, leb:6, bs:5, ueb:9,
Net:0.12723253527, Trade:0.314427016747, Cost:0.187194481477, Trades/Day:1.072, et:5, leb:6, bs:6, ueb:9,
Net:0.12723253527, Trade:0.314427016747, Cost:0.187194481477, Trades/Day:1.072, et:5, leb:6, bs:7, ueb:9,
Net:0.12723253527, Trade:0.314427016747, Cost:0.187194481477, Trades/Day:1.072, et:5, leb:6, bs:8, ueb:9,
Net:0.12723253527, Trade:0.314427016747, Cost:0.187194481477, Trades/Day:1.072, et:5, leb:6, bs:9, ueb:9,
Net:0.12723253527, Trade:0.314427016747, Cost:0.187194481477, Trades/Day:1.072, et:5, leb:6, bs:10, ueb:9,
Net:0.12723253527, Trade:0.314427016747, Cost:0.187194481477, Trades/Day:1.072, et:5, leb:6, bs:11, ueb:9,
Net:0.12723253527, Trade:0.314427016747, Cost:0.187194481477, Trades/Day:1.072, et:5, leb:6, bs:12, ueb:9,
Net:0.118708799349, Trade:0.314852960455, Cost:0.196144161106, Trades/Day:1.224, et:6, leb:6, bs:1, ueb:9,
Net:0.12723253527, Trade:0.314427016747, Cost:0.187194481477, Trades/Day:1.072, et:6, leb:6, bs:2, ueb:9,
Net:0.12723253527, Trade:0.314427016747, Cost:0.187194481477, Trades/Day:1.072, et:6, leb:6, bs:3, ueb:9,
Net:0.12723253527, Trade:0.314427016747, Cost:0.187194481477, Trades/Day:1.072, et:6, leb:6, bs:4, ueb:9,
Net:0.12723253527, Trade:0.314427016747, Cost:0.187194481477, Trades/Day:1.072, et:6, leb:6, bs:5, ueb:9,
Net:0.12723253527, Trade:0.314427016747, Cost:0.187194481477, Trades/Day:1.072, et:6, leb:6, bs:6, ueb:9,
Net:0.12723253527, Trade:0.314427016747, Cost:0.187194481477, Trades/Day:1.072, et:6, leb:6, bs:7, ueb:9,
Net:0.12723253527, Trade:0.314427016747, Cost:0.187194481477, Trades/Day:1.072, et:6, leb:6, bs:8, ueb:9,
Net:0.12723253527, Trade:0.314427016747, Cost:0.187194481477, Trades/Day:1.072, et:6, leb:6, bs:9, ueb:9,
Net:0.12723253527, Trade:0.314427016747, Cost:0.187194481477, Trades/Day:1.072, et:6, leb:6, bs:10, ueb:9,
Net:0.12723253527, Trade:0.314427016747, Cost:0.187194481477, Trades/Day:1.072, et:6, leb:6, bs:11, ueb:9,
Net:0.12723253527, Trade:0.314427016747, Cost:0.187194481477, Trades/Day:1.072, et:6, leb:6, bs:12, ueb:9,
Net:0.0104476872343, Trade:0.0969955564118, Cost:0.0865478691775, Trades/Day:0.896, et:-5, leb:7, bs:12, ueb:8,
Net:0.029005220769, Trade:0.113492754759, Cost:0.0844875339901, Trades/Day:0.88, et:-4, leb:7, bs:12, ueb:8,
Net:0.015769938153, Trade:0.100257409006, Cost:0.0844874708526, Trades/Day:0.88, et:-3, leb:7, bs:11, ueb:8,
Net:0.0479822695664, Trade:0.13246967353, Cost:0.0844874039636, Trades/Day:0.88, et:-3, leb:7, bs:12, ueb:8,
Net:0.00697293732416, Trade:0.0914604984483, Cost:0.0844875611241, Trades/Day:0.88, et:-2, leb:7, bs:7, ueb:8,
Net:0.0314312590644, Trade:0.115918733067, Cost:0.0844874740028, Trades/Day:0.88, et:-2, leb:7, bs:8, ueb:8,
Net:0.0268498919354, Trade:0.11133732934, Cost:0.0844874374047, Trades/Day:0.88, et:-2, leb:7, bs:9, ueb:8,
Net:0.0413594427237, Trade:0.125846802693, Cost:0.0844873599694, Trades/Day:0.88, et:-2, leb:7, bs:10, ueb:8,
Net:0.0504795687218, Trade:0.134966886382, Cost:0.0844873176607, Trades/Day:0.872, et:-2, leb:7, bs:11, ueb:8,
Net:0.105466055074, Trade:0.186007360397, Cost:0.0805413053228, Trades/Day:0.832, et:-2, leb:7, bs:12, ueb:8,
Net:0.0130611557628, Trade:0.102783201234, Cost:0.0897220454712, Trades/Day:0.92, et:-1, leb:7, bs:5, ueb:8,
Net:0.0155577227452, Trade:0.102105325613, Cost:0.0865476028683, Trades/Day:0.88, et:-1, leb:7, bs:6, ueb:8,
Net:0.0433704856357, Trade:0.127857699595, Cost:0.0844872139591, Trades/Day:0.864, et:-1, leb:7, bs:7, ueb:8,
Net:0.0795511871006, Trade:0.161973068378, Cost:0.0824218812772, Trades/Day:0.84, et:-1, leb:7, bs:8, ueb:8,
Net:0.107998716229, Trade:0.188427889177, Cost:0.0804291729485, Trades/Day:0.824, et:-1, leb:7, bs:9, ueb:8,
Net:0.13398056923, Trade:0.211061386146, Cost:0.0770808169163, Trades/Day:0.792, et:-1, leb:7, bs:10, ueb:8,
Net:0.14621539224, Trade:0.221319195778, Cost:0.0751038035382, Trades/Day:0.776, et:-1, leb:7, bs:11, ueb:8,
Net:0.130002739177, Trade:0.203096841164, Cost:0.073094101987, Trades/Day:0.752, et:-1, leb:7, bs:12, ueb:8,
Net:0.0295576475375, Trade:0.116105468843, Cost:0.0865478213051, Trades/Day:0.888, et:0, leb:7, bs:3, ueb:8,
Net:0.0563702311023, Trade:0.141741690688, Cost:0.0853714595856, Trades/Day:0.864, et:0, leb:7, bs:4, ueb:8,
Net:0.0954208124084, Trade:0.174228910419, Cost:0.0788080980111, Trades/Day:0.744, et:0, leb:7, bs:5, ueb:8,
Net:0.0772491576574, Trade:0.149920198547, Cost:0.0726710408897, Trades/Day:0.592, et:0, leb:7, bs:6, ueb:8,
Net:0.162195551975, Trade:0.229433658626, Cost:0.0672381066502, Trades/Day:0.48, et:0, leb:7, bs:7, ueb:8,
Net:0.181601682025, Trade:0.248839352923, Cost:0.0672376708979, Trades/Day:0.432, et:0, leb:7, bs:8, ueb:8,
Net:0.167361042885, Trade:0.234598206336, Cost:0.0672371634502, Trades/Day:0.4, et:0, leb:7, bs:9, ueb:8,
Net:0.166674796801, Trade:0.231935810815, Cost:0.0652610140135, Trades/Day:0.376, et:0, leb:7, bs:10, ueb:8,
Net:0.166674796801, Trade:0.231935810815, Cost:0.0652610140135, Trades/Day:0.376, et:0, leb:7, bs:11, ueb:8,
Net:0.173134645547, Trade:0.238395636434, Cost:0.0652609908872, Trades/Day:0.368, et:0, leb:7, bs:12, ueb:8,
Net:0.0293867638699, Trade:0.114339407921, Cost:0.0849526440508, Trades/Day:0.872, et:1, leb:7, bs:2, ueb:8,
Net:0.047690958746, Trade:0.13146647127, Cost:0.0837755125242, Trades/Day:0.816, et:1, leb:7, bs:3, ueb:8,
Net:0.174822681287, Trade:0.250189575508, Cost:0.0753668942209, Trades/Day:0.584, et:1, leb:7, bs:4, ueb:8,
Net:0.174514484907, Trade:0.243745211179, Cost:0.0692307262719, Trades/Day:0.464, et:1, leb:7, bs:5, ueb:8,
Net:0.17664337891, Trade:0.24190449208, Cost:0.0652611131691, Trades/Day:0.384, et:1, leb:7, bs:6, ueb:8,
Net:0.155921795716, Trade:0.221182829469, Cost:0.0652610337535, Trades/Day:0.376, et:1, leb:7, bs:7, ueb:8,
Net:0.173134645547, Trade:0.238395636434, Cost:0.0652609908872, Trades/Day:0.368, et:1, leb:7, bs:8, ueb:8,
Net:0.173134645547, Trade:0.238395636434, Cost:0.0652609908872, Trades/Day:0.368, et:1, leb:7, bs:9, ueb:8,
Net:0.173134645547, Trade:0.238395636434, Cost:0.0652609908872, Trades/Day:0.368, et:1, leb:7, bs:10, ueb:8,
Net:0.173134645547, Trade:0.238395636434, Cost:0.0652609908872, Trades/Day:0.368, et:1, leb:7, bs:11, ueb:8,
Net:0.173134645547, Trade:0.238395636434, Cost:0.0652609908872, Trades/Day:0.368, et:1, leb:7, bs:12, ueb:8,
Net:0.0318904783201, Trade:0.111540243785, Cost:0.0796497654652, Trades/Day:0.744, et:2, leb:7, bs:2, ueb:8,
Net:0.192421671496, Trade:0.263654960346, Cost:0.0712332888504, Trades/Day:0.512, et:2, leb:7, bs:3, ueb:8,
Net:0.189861686622, Trade:0.257115562646, Cost:0.0672538760245, Trades/Day:0.408, et:2, leb:7, bs:4, ueb:8,
Net:0.173134645547, Trade:0.238395636434, Cost:0.0652609908872, Trades/Day:0.368, et:2, leb:7, bs:5, ueb:8,
Net:0.173134645547, Trade:0.238395636434, Cost:0.0652609908872, Trades/Day:0.368, et:2, leb:7, bs:6, ueb:8,
Net:0.173134645547, Trade:0.238395636434, Cost:0.0652609908872, Trades/Day:0.368, et:2, leb:7, bs:7, ueb:8,
Net:0.173134645547, Trade:0.238395636434, Cost:0.0652609908872, Trades/Day:0.368, et:2, leb:7, bs:8, ueb:8,
Net:0.173134645547, Trade:0.238395636434, Cost:0.0652609908872, Trades/Day:0.368, et:2, leb:7, bs:9, ueb:8,
Net:0.173134645547, Trade:0.238395636434, Cost:0.0652609908872, Trades/Day:0.368, et:2, leb:7, bs:10, ueb:8,
Net:0.173134645547, Trade:0.238395636434, Cost:0.0652609908872, Trades/Day:0.368, et:2, leb:7, bs:11, ueb:8,
Net:0.173134645547, Trade:0.238395636434, Cost:0.0652609908872, Trades/Day:0.368, et:2, leb:7, bs:12, ueb:8,
Net:0.113122297625, Trade:0.187354182649, Cost:0.0742318850249, Trades/Day:0.568, et:3, leb:7, bs:2, ueb:8,
Net:0.137322374269, Trade:0.206562225572, Cost:0.0692398513035, Trades/Day:0.416, et:3, leb:7, bs:3, ueb:8,
Net:0.173134645547, Trade:0.238395636434, Cost:0.0652609908872, Trades/Day:0.368, et:3, leb:7, bs:4, ueb:8,
Net:0.173134645547, Trade:0.238395636434, Cost:0.0652609908872, Trades/Day:0.368, et:3, leb:7, bs:5, ueb:8,
Net:0.173134645547, Trade:0.238395636434, Cost:0.0652609908872, Trades/Day:0.368, et:3, leb:7, bs:6, ueb:8,
Net:0.173134645547, Trade:0.238395636434, Cost:0.0652609908872, Trades/Day:0.368, et:3, leb:7, bs:7, ueb:8,
Net:0.173134645547, Trade:0.238395636434, Cost:0.0652609908872, Trades/Day:0.368, et:3, leb:7, bs:8, ueb:8,
Net:0.173134645547, Trade:0.238395636434, Cost:0.0652609908872, Trades/Day:0.368, et:3, leb:7, bs:9, ueb:8,
Net:0.173134645547, Trade:0.238395636434, Cost:0.0652609908872, Trades/Day:0.368, et:3, leb:7, bs:10, ueb:8,
Net:0.173134645547, Trade:0.238395636434, Cost:0.0652609908872, Trades/Day:0.368, et:3, leb:7, bs:11, ueb:8,
Net:0.173134645547, Trade:0.238395636434, Cost:0.0652609908872, Trades/Day:0.368, et:3, leb:7, bs:12, ueb:8,
Net:0.164238290426, Trade:0.233445995768, Cost:0.0692077053419, Trades/Day:0.424, et:4, leb:7, bs:2, ueb:8,
Net:0.173134645547, Trade:0.238395636434, Cost:0.0652609908872, Trades/Day:0.368, et:4, leb:7, bs:3, ueb:8,
Net:0.173134645547, Trade:0.238395636434, Cost:0.0652609908872, Trades/Day:0.368, et:4, leb:7, bs:4, ueb:8,
Net:0.173134645547, Trade:0.238395636434, Cost:0.0652609908872, Trades/Day:0.368, et:4, leb:7, bs:5, ueb:8,
Net:0.173134645547, Trade:0.238395636434, Cost:0.0652609908872, Trades/Day:0.368, et:4, leb:7, bs:6, ueb:8,
Net:0.173134645547, Trade:0.238395636434, Cost:0.0652609908872, Trades/Day:0.368, et:4, leb:7, bs:7, ueb:8,
Net:0.173134645547, Trade:0.238395636434, Cost:0.0652609908872, Trades/Day:0.368, et:4, leb:7, bs:8, ueb:8,
Net:0.173134645547, Trade:0.238395636434, Cost:0.0652609908872, Trades/Day:0.368, et:4, leb:7, bs:9, ueb:8,
Net:0.173134645547, Trade:0.238395636434, Cost:0.0652609908872, Trades/Day:0.368, et:4, leb:7, bs:10, ueb:8,
Net:0.173134645547, Trade:0.238395636434, Cost:0.0652609908872, Trades/Day:0.368, et:4, leb:7, bs:11, ueb:8,
Net:0.173134645547, Trade:0.238395636434, Cost:0.0652609908872, Trades/Day:0.368, et:4, leb:7, bs:12, ueb:8,
Net:0.0251865290774, Trade:0.109453853107, Cost:0.0842673240297, Trades/Day:0.736, et:5, leb:7, bs:1, ueb:8,
Net:0.167462634631, Trade:0.234692621143, Cost:0.0672299865122, Trades/Day:0.384, et:5, leb:7, bs:2, ueb:8,
Net:0.173134645547, Trade:0.238395636434, Cost:0.0652609908872, Trades/Day:0.368, et:5, leb:7, bs:3, ueb:8,
Net:0.173134645547, Trade:0.238395636434, Cost:0.0652609908872, Trades/Day:0.368, et:5, leb:7, bs:4, ueb:8,
Net:0.173134645547, Trade:0.238395636434, Cost:0.0652609908872, Trades/Day:0.368, et:5, leb:7, bs:5, ueb:8,
Net:0.173134645547, Trade:0.238395636434, Cost:0.0652609908872, Trades/Day:0.368, et:5, leb:7, bs:6, ueb:8,
Net:0.173134645547, Trade:0.238395636434, Cost:0.0652609908872, Trades/Day:0.368, et:5, leb:7, bs:7, ueb:8,
Net:0.173134645547, Trade:0.238395636434, Cost:0.0652609908872, Trades/Day:0.368, et:5, leb:7, bs:8, ueb:8,
Net:0.173134645547, Trade:0.238395636434, Cost:0.0652609908872, Trades/Day:0.368, et:5, leb:7, bs:9, ueb:8,
Net:0.173134645547, Trade:0.238395636434, Cost:0.0652609908872, Trades/Day:0.368, et:5, leb:7, bs:10, ueb:8,
Net:0.173134645547, Trade:0.238395636434, Cost:0.0652609908872, Trades/Day:0.368, et:5, leb:7, bs:11, ueb:8,
Net:0.173134645547, Trade:0.238395636434, Cost:0.0652609908872, Trades/Day:0.368, et:5, leb:7, bs:12, ueb:8,
Net:0.0924940075157, Trade:0.173678688869, Cost:0.0811846813536, Trades/Day:0.616, et:6, leb:7, bs:1, ueb:8,
Net:0.173134645547, Trade:0.238395636434, Cost:0.0652609908872, Trades/Day:0.368, et:6, leb:7, bs:2, ueb:8,
Net:0.173134645547, Trade:0.238395636434, Cost:0.0652609908872, Trades/Day:0.368, et:6, leb:7, bs:3, ueb:8,
Net:0.173134645547, Trade:0.238395636434, Cost:0.0652609908872, Trades/Day:0.368, et:6, leb:7, bs:4, ueb:8,
Net:0.173134645547, Trade:0.238395636434, Cost:0.0652609908872, Trades/Day:0.368, et:6, leb:7, bs:5, ueb:8,
Net:0.173134645547, Trade:0.238395636434, Cost:0.0652609908872, Trades/Day:0.368, et:6, leb:7, bs:6, ueb:8,
Net:0.173134645547, Trade:0.238395636434, Cost:0.0652609908872, Trades/Day:0.368, et:6, leb:7, bs:7, ueb:8,
Net:0.173134645547, Trade:0.238395636434, Cost:0.0652609908872, Trades/Day:0.368, et:6, leb:7, bs:8, ueb:8,
Net:0.173134645547, Trade:0.238395636434, Cost:0.0652609908872, Trades/Day:0.368, et:6, leb:7, bs:9, ueb:8,
Net:0.173134645547, Trade:0.238395636434, Cost:0.0652609908872, Trades/Day:0.368, et:6, leb:7, bs:10, ueb:8,
Net:0.173134645547, Trade:0.238395636434, Cost:0.0652609908872, Trades/Day:0.368, et:6, leb:7, bs:11, ueb:8,
Net:0.173134645547, Trade:0.238395636434, Cost:0.0652609908872, Trades/Day:0.368, et:6, leb:7, bs:12, ueb:8,
Net:0.103936831075, Trade:0.175204678194, Cost:0.0712678471182, Trades/Day:0.464, et:7, leb:7, bs:1, ueb:8,
Net:0.173134645547, Trade:0.238395636434, Cost:0.0652609908872, Trades/Day:0.368, et:7, leb:7, bs:2, ueb:8,
Net:0.173134645547, Trade:0.238395636434, Cost:0.0652609908872, Trades/Day:0.368, et:7, leb:7, bs:3, ueb:8,
Net:0.173134645547, Trade:0.238395636434, Cost:0.0652609908872, Trades/Day:0.368, et:7, leb:7, bs:4, ueb:8,
Net:0.173134645547, Trade:0.238395636434, Cost:0.0652609908872, Trades/Day:0.368, et:7, leb:7, bs:5, ueb:8,
Net:0.173134645547, Trade:0.238395636434, Cost:0.0652609908872, Trades/Day:0.368, et:7, leb:7, bs:6, ueb:8,
Net:0.173134645547, Trade:0.238395636434, Cost:0.0652609908872, Trades/Day:0.368, et:7, leb:7, bs:7, ueb:8,
Net:0.173134645547, Trade:0.238395636434, Cost:0.0652609908872, Trades/Day:0.368, et:7, leb:7, bs:8, ueb:8,
Net:0.173134645547, Trade:0.238395636434, Cost:0.0652609908872, Trades/Day:0.368, et:7, leb:7, bs:9, ueb:8,
Net:0.173134645547, Trade:0.238395636434, Cost:0.0652609908872, Trades/Day:0.368, et:7, leb:7, bs:10, ueb:8,
Net:0.173134645547, Trade:0.238395636434, Cost:0.0652609908872, Trades/Day:0.368, et:7, leb:7, bs:11, ueb:8,
Net:0.173134645547, Trade:0.238395636434, Cost:0.0652609908872, Trades/Day:0.368, et:7, leb:7, bs:12, ueb:8,
Net:0.00261882010298, Trade:0.123339859148, Cost:0.120721039045, Trades/Day:1.272, et:-4, leb:7, bs:12, ueb:9,
Net:0.02303259021, Trade:0.140753709906, Cost:0.117721119696, Trades/Day:1.24, et:-3, leb:7, bs:12, ueb:9,
Net:0.0299670951712, Trade:0.149670660543, Cost:0.119703565371, Trades/Day:1.256, et:-2, leb:7, bs:8, ueb:9,
Net:0.027089111936, Trade:0.146792618404, Cost:0.119703506468, Trades/Day:1.256, et:-2, leb:7, bs:9, ueb:9,
Net:0.0391618976369, Trade:0.158865307369, Cost:0.119703409732, Trades/Day:1.248, et:-2, leb:7, bs:10, ueb:9,
Net:0.0372947159418, Trade:0.154988511266, Cost:0.117693795325, Trades/Day:1.224, et:-2, leb:7, bs:11, ueb:9,
Net:0.0666555058586, Trade:0.181389970231, Cost:0.114734464372, Trades/Day:1.184, et:-2, leb:7, bs:12, ueb:9,
Net:0.0268237956253, Trade:0.150771706975, Cost:0.12394791135, Trades/Day:1.28, et:-1, leb:7, bs:5, ueb:9,
Net:0.0267400559995, Trade:0.145503934824, Cost:0.118763878824, Trades/Day:1.216, et:-1, leb:7, bs:6, ueb:9,
Net:0.0560455346154, Trade:0.17183145515, Cost:0.115785920534, Trades/Day:1.168, et:-1, leb:7, bs:7, ueb:9,
Net:0.0807148345191, Trade:0.19443531109, Cost:0.113720476571, Trades/Day:1.144, et:-1, leb:7, bs:8, ueb:9,
Net:0.103803570152, Trade:0.215531322979, Cost:0.111727752826, Trades/Day:1.128, et:-1, leb:7, bs:9, ueb:9,
Net:0.0942883535458, Trade:0.20088278786, Cost:0.106594434314, Trades/Day:1.064, et:-1, leb:7, bs:10, ueb:9,
Net:0.0738642434551, Trade:0.180458527122, Cost:0.106594283667, Trades/Day:1.064, et:-1, leb:7, bs:11, ueb:9,
Net:0.0512963420963, Trade:0.15587176825, Cost:0.104575426154, Trades/Day:1.04, et:-1, leb:7, bs:12, ueb:9,
Net:0.0206455057292, Trade:0.146029492776, Cost:0.125383987047, Trades/Day:1.36, et:0, leb:7, bs:2, ueb:9,
Net:0.046441748391, Trade:0.168619194275, Cost:0.122177445884, Trades/Day:1.288, et:0, leb:7, bs:3, ueb:9,
Net:0.0397923252212, Trade:0.156462317754, Cost:0.116669992533, Trades/Day:1.192, et:0, leb:7, bs:4, ueb:9,
Net:0.010142876151, Trade:0.120441383466, Cost:0.110298507315, Trades/Day:1.04, et:0, leb:7, bs:5, ueb:9,
Net:0.0119217332079, Trade:0.109256934471, Cost:0.0973352012631, Trades/Day:0.68, et:0, leb:7, bs:7, ueb:9,
Net:0.0406283800765, Trade:0.137963092408, Cost:0.0973347123311, Trades/Day:0.616, et:0, leb:7, bs:8, ueb:9,
Net:0.0263877409364, Trade:0.12372194582, Cost:0.0973342048834, Trades/Day:0.576, et:0, leb:7, bs:9, ueb:9,
Net:0.0257913708436, Trade:0.12114942666, Cost:0.0953580558164, Trades/Day:0.552, et:0, leb:7, bs:10, ueb:9,
Net:0.0257913708436, Trade:0.12114942666, Cost:0.0953580558164, Trades/Day:0.552, et:0, leb:7, bs:11, ueb:9,
Net:0.0322512195895, Trade:0.12760925228, Cost:0.0953580326901, Trades/Day:0.544, et:0, leb:7, bs:12, ueb:9,
Net:0.039548750535, Trade:0.162140646266, Cost:0.122591895731, Trades/Day:1.312, et:1, leb:7, bs:2, ueb:9,
Net:0.0513396872191, Trade:0.167403378069, Cost:0.11606369085, Trades/Day:1.136, et:1, leb:7, bs:3, ueb:9,
Net:0.0673149753268, Trade:0.174171568021, Cost:0.106856592694, Trades/Day:0.84, et:1, leb:7, bs:4, ueb:9,
Net:0.0572744528838, Trade:0.156602361957, Cost:0.0993279090737, Trades/Day:0.664, et:1, leb:7, bs:5, ueb:9,
Net:0.0473028209794, Trade:0.142661074889, Cost:0.0953582539095, Trades/Day:0.576, et:1, leb:7, bs:6, ueb:9,
Net:0.0150383697578, Trade:0.110396445314, Cost:0.0953580755564, Trades/Day:0.552, et:1, leb:7, bs:7, ueb:9,
Net:0.0322512195895, Trade:0.12760925228, Cost:0.0953580326901, Trades/Day:0.544, et:1, leb:7, bs:8, ueb:9,
Net:0.0322512195895, Trade:0.12760925228, Cost:0.0953580326901, Trades/Day:0.544, et:1, leb:7, bs:9, ueb:9,
Net:0.0322512195895, Trade:0.12760925228, Cost:0.0953580326901, Trades/Day:0.544, et:1, leb:7, bs:10, ueb:9,
Net:0.0322512195895, Trade:0.12760925228, Cost:0.0953580326901, Trades/Day:0.544, et:1, leb:7, bs:11, ueb:9,
Net:0.0322512195895, Trade:0.12760925228, Cost:0.0953580326901, Trades/Day:0.544, et:1, leb:7, bs:12, ueb:9,
Net:0.0728927728605, Trade:0.174232345757, Cost:0.101339572897, Trades/Day:0.72, et:2, leb:7, bs:3, ueb:9,
Net:0.0499300257023, Trade:0.147280936965, Cost:0.0973509112625, Trades/Day:0.584, et:2, leb:7, bs:4, ueb:9,
Net:0.0322512195895, Trade:0.12760925228, Cost:0.0953580326901, Trades/Day:0.544, et:2, leb:7, bs:5, ueb:9,
Net:0.0322512195895, Trade:0.12760925228, Cost:0.0953580326901, Trades/Day:0.544, et:2, leb:7, bs:6, ueb:9,
Net:0.0322512195895, Trade:0.12760925228, Cost:0.0953580326901, Trades/Day:0.544, et:2, leb:7, bs:7, ueb:9,
Net:0.0322512195895, Trade:0.12760925228, Cost:0.0953580326901, Trades/Day:0.544, et:2, leb:7, bs:8, ueb:9,
Net:0.0322512195895, Trade:0.12760925228, Cost:0.0953580326901, Trades/Day:0.544, et:2, leb:7, bs:9, ueb:9,
Net:0.0322512195895, Trade:0.12760925228, Cost:0.0953580326901, Trades/Day:0.544, et:2, leb:7, bs:10, ueb:9,
Net:0.0322512195895, Trade:0.12760925228, Cost:0.0953580326901, Trades/Day:0.544, et:2, leb:7, bs:11, ueb:9,
Net:0.0322512195895, Trade:0.12760925228, Cost:0.0953580326901, Trades/Day:0.544, et:2, leb:7, bs:12, ueb:9,
Net:0.00166784477263, Trade:0.101013843905, Cost:0.0993459991325, Trades/Day:0.592, et:3, leb:7, bs:3, ueb:9,
Net:0.0322512195895, Trade:0.12760925228, Cost:0.0953580326901, Trades/Day:0.544, et:3, leb:7, bs:4, ueb:9,
Net:0.0322512195895, Trade:0.12760925228, Cost:0.0953580326901, Trades/Day:0.544, et:3, leb:7, bs:5, ueb:9,
Net:0.0322512195895, Trade:0.12760925228, Cost:0.0953580326901, Trades/Day:0.544, et:3, leb:7, bs:6, ueb:9,
Net:0.0322512195895, Trade:0.12760925228, Cost:0.0953580326901, Trades/Day:0.544, et:3, leb:7, bs:7, ueb:9,
Net:0.0322512195895, Trade:0.12760925228, Cost:0.0953580326901, Trades/Day:0.544, et:3, leb:7, bs:8, ueb:9,
Net:0.0322512195895, Trade:0.12760925228, Cost:0.0953580326901, Trades/Day:0.544, et:3, leb:7, bs:9, ueb:9,
Net:0.0322512195895, Trade:0.12760925228, Cost:0.0953580326901, Trades/Day:0.544, et:3, leb:7, bs:10, ueb:9,
Net:0.0322512195895, Trade:0.12760925228, Cost:0.0953580326901, Trades/Day:0.544, et:3, leb:7, bs:11, ueb:9,
Net:0.0322512195895, Trade:0.12760925228, Cost:0.0953580326901, Trades/Day:0.544, et:3, leb:7, bs:12, ueb:9,
Net:0.0465401046252, Trade:0.144785532636, Cost:0.0982454280105, Trades/Day:0.608, et:4, leb:7, bs:2, ueb:9,
Net:0.0322512195895, Trade:0.12760925228, Cost:0.0953580326901, Trades/Day:0.544, et:4, leb:7, bs:3, ueb:9,
Net:0.0322512195895, Trade:0.12760925228, Cost:0.0953580326901, Trades/Day:0.544, et:4, leb:7, bs:4, ueb:9,
Net:0.0322512195895, Trade:0.12760925228, Cost:0.0953580326901, Trades/Day:0.544, et:4, leb:7, bs:5, ueb:9,
Net:0.0322512195895, Trade:0.12760925228, Cost:0.0953580326901, Trades/Day:0.544, et:4, leb:7, bs:6, ueb:9,
Net:0.0322512195895, Trade:0.12760925228, Cost:0.0953580326901, Trades/Day:0.544, et:4, leb:7, bs:7, ueb:9,
Net:0.0322512195895, Trade:0.12760925228, Cost:0.0953580326901, Trades/Day:0.544, et:4, leb:7, bs:8, ueb:9,
Net:0.0322512195895, Trade:0.12760925228, Cost:0.0953580326901, Trades/Day:0.544, et:4, leb:7, bs:9, ueb:9,
Net:0.0322512195895, Trade:0.12760925228, Cost:0.0953580326901, Trades/Day:0.544, et:4, leb:7, bs:10, ueb:9,
Net:0.0322512195895, Trade:0.12760925228, Cost:0.0953580326901, Trades/Day:0.544, et:4, leb:7, bs:11, ueb:9,
Net:0.0322512195895, Trade:0.12760925228, Cost:0.0953580326901, Trades/Day:0.544, et:4, leb:7, bs:12, ueb:9,
Net:0.0272665584962, Trade:0.124593584172, Cost:0.0973270256759, Trades/Day:0.56, et:5, leb:7, bs:2, ueb:9,
Net:0.0322512195895, Trade:0.12760925228, Cost:0.0953580326901, Trades/Day:0.544, et:5, leb:7, bs:3, ueb:9,
Net:0.0322512195895, Trade:0.12760925228, Cost:0.0953580326901, Trades/Day:0.544, et:5, leb:7, bs:4, ueb:9,
Net:0.0322512195895, Trade:0.12760925228, Cost:0.0953580326901, Trades/Day:0.544, et:5, leb:7, bs:5, ueb:9,
Net:0.0322512195895, Trade:0.12760925228, Cost:0.0953580326901, Trades/Day:0.544, et:5, leb:7, bs:6, ueb:9,
Net:0.0322512195895, Trade:0.12760925228, Cost:0.0953580326901, Trades/Day:0.544, et:5, leb:7, bs:7, ueb:9,
Net:0.0322512195895, Trade:0.12760925228, Cost:0.0953580326901, Trades/Day:0.544, et:5, leb:7, bs:8, ueb:9,
Net:0.0322512195895, Trade:0.12760925228, Cost:0.0953580326901, Trades/Day:0.544, et:5, leb:7, bs:9, ueb:9,
Net:0.0322512195895, Trade:0.12760925228, Cost:0.0953580326901, Trades/Day:0.544, et:5, leb:7, bs:10, ueb:9,
Net:0.0322512195895, Trade:0.12760925228, Cost:0.0953580326901, Trades/Day:0.544, et:5, leb:7, bs:11, ueb:9,
Net:0.0322512195895, Trade:0.12760925228, Cost:0.0953580326901, Trades/Day:0.544, et:5, leb:7, bs:12, ueb:9,
Net:0.0348234154103, Trade:0.145054962732, Cost:0.110231547322, Trades/Day:0.816, et:6, leb:7, bs:1, ueb:9,
Net:0.0322512195895, Trade:0.12760925228, Cost:0.0953580326901, Trades/Day:0.544, et:6, leb:7, bs:2, ueb:9,
Net:0.0322512195895, Trade:0.12760925228, Cost:0.0953580326901, Trades/Day:0.544, et:6, leb:7, bs:3, ueb:9,
Net:0.0322512195895, Trade:0.12760925228, Cost:0.0953580326901, Trades/Day:0.544, et:6, leb:7, bs:4, ueb:9,
Net:0.0322512195895, Trade:0.12760925228, Cost:0.0953580326901, Trades/Day:0.544, et:6, leb:7, bs:5, ueb:9,
Net:0.0322512195895, Trade:0.12760925228, Cost:0.0953580326901, Trades/Day:0.544, et:6, leb:7, bs:6, ueb:9,
Net:0.0322512195895, Trade:0.12760925228, Cost:0.0953580326901, Trades/Day:0.544, et:6, leb:7, bs:7, ueb:9,
Net:0.0322512195895, Trade:0.12760925228, Cost:0.0953580326901, Trades/Day:0.544, et:6, leb:7, bs:8, ueb:9,
Net:0.0322512195895, Trade:0.12760925228, Cost:0.0953580326901, Trades/Day:0.544, et:6, leb:7, bs:9, ueb:9,
Net:0.0322512195895, Trade:0.12760925228, Cost:0.0953580326901, Trades/Day:0.544, et:6, leb:7, bs:10, ueb:9,
Net:0.0322512195895, Trade:0.12760925228, Cost:0.0953580326901, Trades/Day:0.544, et:6, leb:7, bs:11, ueb:9,
Net:0.0322512195895, Trade:0.12760925228, Cost:0.0953580326901, Trades/Day:0.544, et:6, leb:7, bs:12, ueb:9,
Net:0.00930965638239, Trade:0.108697485655, Cost:0.099387829273, Trades/Day:0.616, et:7, leb:7, bs:1, ueb:9,
Net:0.0322512195895, Trade:0.12760925228, Cost:0.0953580326901, Trades/Day:0.544, et:7, leb:7, bs:2, ueb:9,
Net:0.0322512195895, Trade:0.12760925228, Cost:0.0953580326901, Trades/Day:0.544, et:7, leb:7, bs:3, ueb:9,
Net:0.0322512195895, Trade:0.12760925228, Cost:0.0953580326901, Trades/Day:0.544, et:7, leb:7, bs:4, ueb:9,
Net:0.0322512195895, Trade:0.12760925228, Cost:0.0953580326901, Trades/Day:0.544, et:7, leb:7, bs:5, ueb:9,
Net:0.0322512195895, Trade:0.12760925228, Cost:0.0953580326901, Trades/Day:0.544, et:7, leb:7, bs:6, ueb:9,
Net:0.0322512195895, Trade:0.12760925228, Cost:0.0953580326901, Trades/Day:0.544, et:7, leb:7, bs:7, ueb:9,
Net:0.0322512195895, Trade:0.12760925228, Cost:0.0953580326901, Trades/Day:0.544, et:7, leb:7, bs:8, ueb:9,
Net:0.0322512195895, Trade:0.12760925228, Cost:0.0953580326901, Trades/Day:0.544, et:7, leb:7, bs:9, ueb:9,
Net:0.0322512195895, Trade:0.12760925228, Cost:0.0953580326901, Trades/Day:0.544, et:7, leb:7, bs:10, ueb:9,
Net:0.0322512195895, Trade:0.12760925228, Cost:0.0953580326901, Trades/Day:0.544, et:7, leb:7, bs:11, ueb:9,
Net:0.0322512195895, Trade:0.12760925228, Cost:0.0953580326901, Trades/Day:0.544, et:7, leb:7, bs:12, ueb:9,
